id,name,primary_artist,artists,artist_ids,album,short_album_name,studio_album,track_number,disc_number,explicit,year,release_date,danceability,energy,key,loudness,mode,speechiness,acousticness,instrumentalness,liveness,valence,tempo,duration_ms,time_signature
4wSWZjWH7a5eVxskGxO13w,The View From The Afternoon,Arctic Monkeys,['Arctic Monkeys'],['7Ln80lUS6He07XvHI8qqHH'],"Whatever People Say I Am, That's What I'm Not","Whatever People Say I Am, That's What I'm Not","Whatever People Say I Am, That's What I'm Not",1,1,False,2006,2006-02-21,0.387,0.922,9,-5.192,0,0.0674,0.00487,0.0,0.187,0.417,146.47799999999995,222947,4.0
29EkMZmUNz1WsuzaMtVo1i,I Bet You Look Good On The Dancefloor,Arctic Monkeys,['Arctic Monkeys'],['7Ln80lUS6He07XvHI8qqHH'],"Whatever People Say I Am, That's What I'm Not","Whatever People Say I Am, That's What I'm Not","Whatever People Say I Am, That's What I'm Not",2,1,False,2006,2006-02-21,0.535,0.948,6,-4.19,0,0.0356,0.00225,0.0,0.376,0.778,103.183,173680,4.0
4KGyQfes7t5BiaoBvs380e,Fake Tales Of San Francisco,Arctic Monkeys,['Arctic Monkeys'],['7Ln80lUS6He07XvHI8qqHH'],"Whatever People Say I Am, That's What I'm Not","Whatever People Say I Am, That's What I'm Not","Whatever People Say I Am, That's What I'm Not",3,1,False,2006,2006-02-21,0.4539999999999999,0.778,9,-4.225,1,0.0449,0.00998,0.0,0.0427,0.7040000000000001,127.158,177947,4.0
3Rleu2vd9qHGjRJdcFtPbC,Dancing Shoes,Arctic Monkeys,['Arctic Monkeys'],['7Ln80lUS6He07XvHI8qqHH'],"Whatever People Say I Am, That's What I'm Not","Whatever People Say I Am, That's What I'm Not","Whatever People Say I Am, That's What I'm Not",4,1,False,2006,2006-02-21,0.522,0.889,1,-4.137,1,0.0461,0.00328,0.0,0.345,0.852,144.499,141133,4.0
5ojVq0bohB1uEEMga1IO3j,You Probably Couldn't See For The Lights But You Were Staring Straight At Me,Arctic Monkeys,['Arctic Monkeys'],['7Ln80lUS6He07XvHI8qqHH'],"Whatever People Say I Am, That's What I'm Not","Whatever People Say I Am, That's What I'm Not","Whatever People Say I Am, That's What I'm Not",5,1,False,2006,2006-02-21,0.58,0.972,11,-4.274,0,0.0589,0.0038399999999999,0.0,0.296,0.926,105.492,130813,4.0
28J7s6ylqLYzBUTBSUyEjm,Still Take You Home,Arctic Monkeys,['Arctic Monkeys'],['7Ln80lUS6He07XvHI8qqHH'],"Whatever People Say I Am, That's What I'm Not","Whatever People Say I Am, That's What I'm Not","Whatever People Say I Am, That's What I'm Not",6,1,False,2006,2006-02-21,0.599,0.946,8,-4.192,1,0.0378,0.000669,0.0,0.0973,0.653,108.934,173667,4.0
0RN9h0ojhQWtAD6O8X7Zzp,Riot Van,Arctic Monkeys,['Arctic Monkeys'],['7Ln80lUS6He07XvHI8qqHH'],"Whatever People Say I Am, That's What I'm Not","Whatever People Say I Am, That's What I'm Not","Whatever People Say I Am, That's What I'm Not",7,1,False,2006,2006-02-21,0.593,0.3329999999999999,9,-14.342,1,0.046,0.358,0.0,0.245,0.258,103.537,134933,4.0
1TYRcvY3JTYoLVhADPpDH5,Red Light Indicates Doors Are Secured,Arctic Monkeys,['Arctic Monkeys'],['7Ln80lUS6He07XvHI8qqHH'],"Whatever People Say I Am, That's What I'm Not","Whatever People Say I Am, That's What I'm Not","Whatever People Say I Am, That's What I'm Not",8,1,False,2006,2006-02-21,0.622,0.846,11,-4.831,0,0.0311,0.00316,0.0,0.0989,0.914,110.683,143627,4.0
3geFzA6VBSNZUTmV3bCry6,Mardy Bum,Arctic Monkeys,['Arctic Monkeys'],['7Ln80lUS6He07XvHI8qqHH'],"Whatever People Say I Am, That's What I'm Not","Whatever People Say I Am, That's What I'm Not","Whatever People Say I Am, That's What I'm Not",9,1,False,2006,2006-02-21,0.634,0.599,2,-5.447,1,0.0365,0.0288,0.0,0.1969999999999999,0.312,112.215,175440,4.0
2vVHf43MQ8V3gDbo8HRlnJ,Perhaps Vampires Is A Bit Strong But…,Arctic Monkeys,['Arctic Monkeys'],['7Ln80lUS6He07XvHI8qqHH'],"Whatever People Say I Am, That's What I'm Not","Whatever People Say I Am, That's What I'm Not","Whatever People Say I Am, That's What I'm Not",10,1,False,2006,2006-02-21,0.371,0.914,11,-4.917,0,0.081,0.000293,8.75e-05,0.0852,0.3939999999999999,134.982,268627,4.0
0ZRrJTPXDToRJ2iLo9oLrW,When The Sun Goes Down,Arctic Monkeys,['Arctic Monkeys'],['7Ln80lUS6He07XvHI8qqHH'],"Whatever People Say I Am, That's What I'm Not","Whatever People Say I Am, That's What I'm Not","Whatever People Say I Am, That's What I'm Not",11,1,False,2006,2006-02-21,0.348,0.875,11,-4.758,0,0.1989999999999999,0.0341,0.0,0.1169999999999999,0.407,169.15200000000004,202133,4.0
7gsArdm7rk6X6wsMr2QKWS,From The Ritz To The Rubble,Arctic Monkeys,['Arctic Monkeys'],['7Ln80lUS6He07XvHI8qqHH'],"Whatever People Say I Am, That's What I'm Not","Whatever People Say I Am, That's What I'm Not","Whatever People Say I Am, That's What I'm Not",12,1,False,2006,2006-02-21,0.216,0.882,11,-5.176,0,0.0439,0.00147,0.0,0.308,0.6559999999999999,189.28599999999997,193427,4.0
2CbtdkBeW9Znt4vXTOafAl,A Certain Romance,Arctic Monkeys,['Arctic Monkeys'],['7Ln80lUS6He07XvHI8qqHH'],"Whatever People Say I Am, That's What I'm Not","Whatever People Say I Am, That's What I'm Not","Whatever People Say I Am, That's What I'm Not",13,1,False,2006,2006-02-21,0.455,0.8809999999999999,11,-5.5870000000000015,1,0.0401,0.000566,6.06e-05,0.11,0.201,137.94899999999998,331200,4.0
5rTIpPWeO0IL4HWlGWrz5G,Brianstorm,Arctic Monkeys,['Arctic Monkeys'],['7Ln80lUS6He07XvHI8qqHH'],Favourite Worst Nightmare (Standard Version),Favourite Worst Nightmare,Favourite Worst Nightmare,1,1,False,2007,2007-04-24,0.421,0.98,1,-4.229,1,0.212,8.39e-05,0.00125,0.237,0.435,165.19299999999996,170253,4.0
4OkPamOn5GofkOQu64Z4eR,Teddy Picker,Arctic Monkeys,['Arctic Monkeys'],['7Ln80lUS6He07XvHI8qqHH'],Favourite Worst Nightmare (Standard Version),Favourite Worst Nightmare,Favourite Worst Nightmare,2,1,True,2007,2007-04-24,0.637,0.973,9,-3.386,1,0.1119999999999999,0.000413,2.23e-05,0.104,0.8,150.22299999999996,160640,4.0
45QyGXbqTWaFUrIKe2ugs3,D Is for Dangerous,Arctic Monkeys,['Arctic Monkeys'],['7Ln80lUS6He07XvHI8qqHH'],Favourite Worst Nightmare (Standard Version),Favourite Worst Nightmare,Favourite Worst Nightmare,3,1,False,2007,2007-04-24,0.551,0.928,1,-4.776,1,0.0365,1.05e-05,0.000108,0.145,0.736,145.05700000000004,134733,4.0
11DdPGqDsM3ux1gVAqUIln,Balaclava,Arctic Monkeys,['Arctic Monkeys'],['7Ln80lUS6He07XvHI8qqHH'],Favourite Worst Nightmare (Standard Version),Favourite Worst Nightmare,Favourite Worst Nightmare,4,1,False,2007,2007-04-24,0.417,0.8240000000000001,11,-4.524,0,0.105,0.00168,8.09e-05,0.3429999999999999,0.642,137.836,167440,4.0
7e8utCy2JlSB8dRHKi49xM,Fluorescent Adolescent,Arctic Monkeys,['Arctic Monkeys'],['7Ln80lUS6He07XvHI8qqHH'],Favourite Worst Nightmare (Standard Version),Favourite Worst Nightmare,Favourite Worst Nightmare,5,1,False,2007,2007-04-24,0.6459999999999999,0.813,6,-5.29,0,0.0288,0.00178,2.26e-05,0.144,0.821,112.115,173493,4.0
7ABWRukVQcXrIrDKDx5Gek,Only Ones Who Know,Arctic Monkeys,['Arctic Monkeys'],['7Ln80lUS6He07XvHI8qqHH'],Favourite Worst Nightmare (Standard Version),Favourite Worst Nightmare,Favourite Worst Nightmare,6,1,False,2007,2007-04-24,0.257,0.409,7,-10.828,0,0.0363,0.899,0.00293,0.109,0.0794,145.759,181480,5.0
13NCxLOlvQ4Tnexgfp03Gs,Do Me a Favour,Arctic Monkeys,['Arctic Monkeys'],['7Ln80lUS6He07XvHI8qqHH'],Favourite Worst Nightmare (Standard Version),Favourite Worst Nightmare,Favourite Worst Nightmare,7,1,True,2007,2007-04-24,0.471,0.735,11,-6.685,0,0.0582,7.840000000000001e-05,0.122,0.1009999999999999,0.636,180.127,205240,4.0
7gPd55hW5pVjTm3H9S1Wbv,This House Is a Circus,Arctic Monkeys,['Arctic Monkeys'],['7Ln80lUS6He07XvHI8qqHH'],Favourite Worst Nightmare (Standard Version),Favourite Worst Nightmare,Favourite Worst Nightmare,8,1,True,2007,2007-04-24,0.472,0.909,7,-5.349,1,0.0584,1.95e-05,0.00277,0.644,0.3879999999999999,155.311,189680,4.0
0ZUXj43fteJjwvGoLMntte,"If You Were There, Beware",Arctic Monkeys,['Arctic Monkeys'],['7Ln80lUS6He07XvHI8qqHH'],Favourite Worst Nightmare (Standard Version),Favourite Worst Nightmare,Favourite Worst Nightmare,9,1,False,2007,2007-04-24,0.2319999999999999,0.8,4,-6.853,0,0.0536,0.00082,0.0244,0.128,0.2239999999999999,201.1,274200,3.0
48ucaKjccruxDbi3Au5ZaH,The Bad Thing,Arctic Monkeys,['Arctic Monkeys'],['7Ln80lUS6He07XvHI8qqHH'],Favourite Worst Nightmare (Standard Version),Favourite Worst Nightmare,Favourite Worst Nightmare,10,1,False,2007,2007-04-24,0.545,0.953,2,-3.737,1,0.0703,0.00118,0.0,0.26,0.591,111.121,143213,4.0
3BcQFPRZuuUClWStz29WjN,Old Yellow Bricks,Arctic Monkeys,['Arctic Monkeys'],['7Ln80lUS6He07XvHI8qqHH'],Favourite Worst Nightmare (Standard Version),Favourite Worst Nightmare,Favourite Worst Nightmare,11,1,False,2007,2007-04-24,0.6629999999999999,0.8390000000000001,0,-4.453,1,0.0695,0.000185,4.65e-06,0.0808,0.75,135.155,187133,4.0
58ge6dfP91o9oXMzq3XkIS,505,Arctic Monkeys,['Arctic Monkeys'],['7Ln80lUS6He07XvHI8qqHH'],Favourite Worst Nightmare (Standard Version),Favourite Worst Nightmare,Favourite Worst Nightmare,12,1,False,2007,2007-04-24,0.52,0.852,0,-5.8660000000000005,1,0.0543,0.00237,5.79e-05,0.0733,0.2339999999999999,140.267,253587,4.0
5FVd6KXrgO9B3JPmC8OPst,Do I Wanna Know?,Arctic Monkeys,['Arctic Monkeys'],['7Ln80lUS6He07XvHI8qqHH'],AM,AM,AM,1,1,False,2013,2013-09-09,0.5479999999999999,0.532,5,-7.596,1,0.0323,0.186,0.000263,0.217,0.405,85.03,272394,4.0
2AT8iROs4FQueDv2c8q2KE,R U Mine?,Arctic Monkeys,['Arctic Monkeys'],['7Ln80lUS6He07XvHI8qqHH'],AM,AM,AM,2,1,False,2013,2013-09-09,0.288,0.758,6,-5.692,0,0.0371,0.00616,0.0,0.303,0.619,97.094,201726,4.0
6wNUBZNWFxdUGof6vkaykE,One For The Road,Arctic Monkeys,['Arctic Monkeys'],['7Ln80lUS6He07XvHI8qqHH'],AM,AM,AM,3,1,False,2013,2013-09-09,0.415,0.6679999999999999,0,-6.849,1,0.036,0.212,0.0615,0.27,0.8420000000000001,180.048,206052,4.0
7nzsY8vlnKdvGOEE0rjAXZ,Arabella,Arctic Monkeys,['Arctic Monkeys'],['7Ln80lUS6He07XvHI8qqHH'],AM,AM,AM,4,1,False,2013,2013-09-09,0.579,0.5579999999999999,2,-6.9860000000000015,1,0.0895,0.0202,1.26e-06,0.212,0.506,179.949,207357,4.0
1j9rezdE3YeC7yktZXC1em,I Want It All,Arctic Monkeys,['Arctic Monkeys'],['7Ln80lUS6He07XvHI8qqHH'],AM,AM,AM,5,1,False,2013,2013-09-09,0.499,0.81,5,-5.579,1,0.0347,0.000637,0.0748,0.0625,0.288,131.05200000000002,185406,4.0
5TTGoX70AFrTvuEtqHK37S,No. 1 Party Anthem,Arctic Monkeys,['Arctic Monkeys'],['7Ln80lUS6He07XvHI8qqHH'],AM,AM,AM,6,1,False,2013,2013-09-09,0.505,0.698,0,-5.563,1,0.0297,0.33,0.0887,0.0966,0.599,115.013,243132,4.0
75n7mraeMycQOl2sDGYaTe,Mad Sounds,Arctic Monkeys,['Arctic Monkeys'],['7Ln80lUS6He07XvHI8qqHH'],AM,AM,AM,7,1,False,2013,2013-09-09,0.532,0.462,10,-10.71,1,0.03,0.2789999999999999,0.196,0.1009999999999999,0.485,80.001,215012,4.0
4atMrAadB7dS8xn9vfk9PQ,Fireside,Arctic Monkeys,['Arctic Monkeys'],['7Ln80lUS6He07XvHI8qqHH'],AM,AM,AM,8,1,False,2013,2013-09-09,0.5379999999999999,0.953,9,-5.6110000000000015,0,0.0559999999999999,0.0234,0.00126,0.113,0.74,100.033,181049,4.0
086myS9r57YsLbJpU0TgK9,Why'd You Only Call Me When You're High?,Arctic Monkeys,['Arctic Monkeys'],['7Ln80lUS6He07XvHI8qqHH'],AM,AM,AM,9,1,False,2013,2013-09-09,0.691,0.631,2,-6.478,1,0.0368,0.0483,1.13e-05,0.104,0.8,92.004,161124,4.0
0NdTUS4UiNYCNn5FgVqKQY,Snap Out Of It,Arctic Monkeys,['Arctic Monkeys'],['7Ln80lUS6He07XvHI8qqHH'],AM,AM,AM,10,1,False,2013,2013-09-09,0.728,0.638,5,-6.455,0,0.0336,0.249,0.0,0.1159999999999999,0.872,130.014,193030,4.0
2LGdO5MtFdyphi2EihANZG,Knee Socks,Arctic Monkeys,['Arctic Monkeys'],['7Ln80lUS6He07XvHI8qqHH'],AM,AM,AM,11,1,False,2013,2013-09-09,0.665,0.542,11,-8.323,0,0.033,0.123,0.00291,0.342,0.5870000000000001,97.975,257563,4.0
5XeFesFbtLpXzIVDNQP22n,I Wanna Be Yours,Arctic Monkeys,['Arctic Monkeys'],['7Ln80lUS6He07XvHI8qqHH'],AM,AM,AM,12,1,False,2013,2013-09-09,0.4639999999999999,0.417,0,-9.345,0,0.0256,0.136,0.022,0.0974,0.479,67.528,183956,4.0
0FgNSsaSZTvbLXUumSO8LQ,Star Treatment,Arctic Monkeys,['Arctic Monkeys'],['7Ln80lUS6He07XvHI8qqHH'],Tranquility Base Hotel & Casino,Tranquility Base Hotel & Casino,Tranquility Base Hotel & Casino,1,1,False,2018,2018-05-11,0.581,0.767,7,-5.026,0,0.0527,0.243,0.00131,0.141,0.6729999999999999,120.07,354640,4.0
2MgHR3W3xEwn7EQu0ZEihw,Tranquility Base Hotel & Casino,Arctic Monkeys,['Arctic Monkeys'],['7Ln80lUS6He07XvHI8qqHH'],Tranquility Base Hotel & Casino,Tranquility Base Hotel & Casino,Tranquility Base Hotel & Casino,1,1,True,2018,2018-05-02,0.589,0.773,9,-6.638,0,0.0296,0.0402,0.00894,0.226,0.792,142.181,211968,4.0
4PGWramunj3Bsz5UXCu4ex,Anyways,Arctic Monkeys,['Arctic Monkeys'],['7Ln80lUS6He07XvHI8qqHH'],Tranquility Base Hotel & Casino,Tranquility Base Hotel & Casino,Tranquility Base Hotel & Casino,2,1,False,2018,2018-05-02,0.284,0.5760000000000001,4,-6.972,1,0.035,0.529,3.91e-05,0.187,0.3229999999999999,82.527,221230,4.0
2AKwcNHeGAqCpD6etK425X,One Point Perspective,Arctic Monkeys,['Arctic Monkeys'],['7Ln80lUS6He07XvHI8qqHH'],Tranquility Base Hotel & Casino,Tranquility Base Hotel & Casino,Tranquility Base Hotel & Casino,2,1,False,2018,2018-05-11,0.7140000000000001,0.585,8,-4.57,1,0.0419,0.057,0.0044399999999999,0.144,0.8420000000000001,77.104,208640,4.0
0mQiDbYxHElUp1eNpLZXaY,American Sports,Arctic Monkeys,['Arctic Monkeys'],['7Ln80lUS6He07XvHI8qqHH'],Tranquility Base Hotel & Casino,Tranquility Base Hotel & Casino,Tranquility Base Hotel & Casino,3,1,False,2018,2018-05-11,0.3720000000000001,0.865,7,-4.288,0,0.0513,0.0016899999999999,0.00293,0.127,0.594,176.68900000000005,158040,3.0
3NmndGYOIYocA5OTHMVoaw,Golden Trunks,Arctic Monkeys,['Arctic Monkeys'],['7Ln80lUS6He07XvHI8qqHH'],Tranquility Base Hotel & Casino,Tranquility Base Hotel & Casino,Tranquility Base Hotel & Casino,5,1,False,2018,2018-05-11,0.4920000000000001,0.564,2,-5.811,1,0.0278,0.129,1.73e-05,0.131,0.0896,92.544,173627,4.0
3nhzPKCm2yqGmgEhdAg19u,Four Out Of Five,Arctic Monkeys,['Arctic Monkeys'],['7Ln80lUS6He07XvHI8qqHH'],Tranquility Base Hotel & Casino,Tranquility Base Hotel & Casino,Tranquility Base Hotel & Casino,6,1,False,2018,2018-05-11,0.601,0.863,0,-4.31,1,0.0685,0.0626,0.0,0.0717,0.6759999999999999,130.189,312347,4.0
1JdArJ9NKCF9TQASGQgszg,The World's First Ever Monster Truck Front Flip,Arctic Monkeys,['Arctic Monkeys'],['7Ln80lUS6He07XvHI8qqHH'],Tranquility Base Hotel & Casino,Tranquility Base Hotel & Casino,Tranquility Base Hotel & Casino,7,1,True,2018,2018-05-11,0.602,0.601,10,-5.742000000000001,1,0.0303,0.346,0.349,0.0735,0.5529999999999999,145.075,180013,4.0
57oJKJys4oC7NTR7hwZkPU,Science Fiction,Arctic Monkeys,['Arctic Monkeys'],['7Ln80lUS6He07XvHI8qqHH'],Tranquility Base Hotel & Casino,Tranquility Base Hotel & Casino,Tranquility Base Hotel & Casino,8,1,False,2018,2018-05-11,0.542,0.7659999999999999,7,-5.4110000000000005,1,0.0282,0.0295,0.0802,0.396,0.643,88.06200000000004,185907,4.0
4z6mZWFgBZd07926K61Mi8,She Looks Like Fun,Arctic Monkeys,['Arctic Monkeys'],['7Ln80lUS6He07XvHI8qqHH'],Tranquility Base Hotel & Casino,Tranquility Base Hotel & Casino,Tranquility Base Hotel & Casino,9,1,True,2018,2018-05-11,0.514,0.773,0,-3.754,1,0.0388,0.00944,0.00326,0.387,0.445,103.943,182560,4.0
7seSDB6TiLZarbicyDIjiQ,Batphone,Arctic Monkeys,['Arctic Monkeys'],['7Ln80lUS6He07XvHI8qqHH'],Tranquility Base Hotel & Casino,Tranquility Base Hotel & Casino,Tranquility Base Hotel & Casino,10,1,False,2018,2018-05-11,0.675,0.6809999999999999,5,-5.728,0,0.0356,0.312,0.0,0.304,0.675,106.521,271613,4.0
4VysGAsuHWHDxasPnTgwbo,The Ultracheese,Arctic Monkeys,['Arctic Monkeys'],['7Ln80lUS6He07XvHI8qqHH'],Tranquility Base Hotel & Casino,Tranquility Base Hotel & Casino,Tranquility Base Hotel & Casino,11,1,False,2018,2018-05-11,0.476,0.555,9,-6.551,1,0.0404,0.624,3.98e-05,0.126,0.426,131.497,217720,3.0
0FMjqbY3aWo1QDbo3GwXib,Always in My Head,Coldplay,['Coldplay'],['4gzpq5DPGxSnKTe4SA8HAU'],Ghost Stories,Ghost Stories,Ghost Stories,1,1,False,2014,2014-05-19,0.495,0.502,5,-9.307,1,0.0259,0.0127,0.6890000000000001,0.068,0.0394,97.546,216627,3.0
23khhseCLQqVMCIT1WMAns,Magic,Coldplay,['Coldplay'],['4gzpq5DPGxSnKTe4SA8HAU'],Ghost Stories,Ghost Stories,Ghost Stories,2,1,False,2014,2014-05-19,0.738,0.482,6,-8.917,0,0.0402,0.0266,0.621,0.106,0.352,93.457,285014,4.0
6c6W25YoDGjTq3qSPOga5t,Ink,Coldplay,['Coldplay'],['4gzpq5DPGxSnKTe4SA8HAU'],Ghost Stories,Ghost Stories,Ghost Stories,3,1,False,2014,2014-05-19,0.688,0.705,6,-7.311,1,0.0323,0.0647,0.124,0.118,0.696,112.019,228373,4.0
0fQuzbQNLcD1ofo7B2NcFI,True Love,Coldplay,['Coldplay'],['4gzpq5DPGxSnKTe4SA8HAU'],Ghost Stories,Ghost Stories,Ghost Stories,4,1,False,2014,2014-05-19,0.482,0.573,11,-7.966,1,0.0279999999999999,0.00376,0.077,0.123,0.184,119.991,246000,4.0
4GKk1uNzpxIptBuaY97Dkj,Midnight,Coldplay,['Coldplay'],['4gzpq5DPGxSnKTe4SA8HAU'],Ghost Stories,Ghost Stories,Ghost Stories,5,1,False,2014,2014-05-19,0.5479999999999999,0.475,1,-12.42,1,0.0355,0.615,0.8079999999999999,0.0944,0.0349,126.974,294667,4.0
22uzF19LxQW87kOVkR79Fq,Another's Arms,Coldplay,['Coldplay'],['4gzpq5DPGxSnKTe4SA8HAU'],Ghost Stories,Ghost Stories,Ghost Stories,6,1,False,2014,2014-05-19,0.516,0.5720000000000001,8,-9.037,1,0.0291,0.00715,0.254,0.139,0.351,160.023,234413,4.0
2u4uhtETtcULnkBfFHSnDX,Oceans,Coldplay,['Coldplay'],['4gzpq5DPGxSnKTe4SA8HAU'],Ghost Stories,Ghost Stories,Ghost Stories,7,1,False,2014,2014-05-19,0.1939999999999999,0.132,11,-15.783,1,0.0349,0.919,0.181,0.159,0.04,74.845,321680,4.0
0FDzzruyVECATHXKHFs9eJ,A Sky Full of Stars,Coldplay,['Coldplay'],['4gzpq5DPGxSnKTe4SA8HAU'],Ghost Stories,Ghost Stories,Ghost Stories,8,1,False,2014,2014-05-19,0.545,0.675,6,-6.474,1,0.0279,0.00617,0.00197,0.209,0.162,124.97,267867,4.0
77yuzxCS3csrgTPSW0pvyk,O,Coldplay,['Coldplay'],['4gzpq5DPGxSnKTe4SA8HAU'],Ghost Stories,Ghost Stories,Ghost Stories,9,1,False,2014,2014-05-19,0.371,0.216,10,-14.727,1,0.0358,0.911,0.826,0.0934,0.0645,136.998,323480,4.0
6Tb7Zfo4PcSiS4TqQ4NnTh,Sunrise,Coldplay,['Coldplay'],['4gzpq5DPGxSnKTe4SA8HAU'],Everyday Life,Everyday Life,Everyday Life,1,1,False,2019,2019-11-22,0.146,0.216,9,-12.302,1,0.0399,0.939,0.54,0.0773,0.0341,78.045,151093,4.0
1e8D1BCD2afT56Km7UahpB,Church,Coldplay,['Coldplay'],['4gzpq5DPGxSnKTe4SA8HAU'],Everyday Life,Everyday Life,Everyday Life,2,1,False,2019,2019-11-22,0.449,0.736,11,-6.98,0,0.0368,0.00865,0.145,0.147,0.133,123.973,230013,4.0
45PqOIkZ9PdCjsCJQYzx9G,Trouble In Town,Coldplay,['Coldplay'],['4gzpq5DPGxSnKTe4SA8HAU'],Everyday Life,Everyday Life,Everyday Life,3,1,True,2019,2019-11-22,0.595,0.315,2,-11.456,0,0.0296,0.4270000000000001,0.648,0.111,0.336,96.018,278907,4.0
54XS0PDjYnK85mMByQ03we,Trouble in Town,Coldplay,['Coldplay'],['4gzpq5DPGxSnKTe4SA8HAU'],Everyday Life,Everyday Life,Everyday Life,3,1,False,2019,2019-11-22,0.603,0.308,2,-11.442,0,0.0291,0.4320000000000001,0.732,0.111,0.342,96.032,278907,4.0
1cXXhzPnbrXjNQYbLdUJdy,BrokEn,Coldplay,['Coldplay'],['4gzpq5DPGxSnKTe4SA8HAU'],Everyday Life,Everyday Life,Everyday Life,4,1,False,2019,2019-11-22,0.55,0.271,5,-11.836,1,0.0495,0.923,0.0,0.147,0.521,130.151,150200,4.0
3pcPPhPAiurm2Ior11SHrz,Daddy,Coldplay,['Coldplay'],['4gzpq5DPGxSnKTe4SA8HAU'],Everyday Life,Everyday Life,Everyday Life,5,1,False,2019,2019-11-22,0.633,0.18,1,-19.54,1,0.034,0.931,0.8009999999999999,0.513,0.2,116.981,298320,4.0
7jib2tJjQ82kTIZZATMvAK,WOTW / POTP,Coldplay,['Coldplay'],['4gzpq5DPGxSnKTe4SA8HAU'],Everyday Life,Everyday Life,Everyday Life,6,1,False,2019,2019-11-22,0.6920000000000001,0.294,10,-15.483,1,0.248,0.935,0.929,0.1159999999999999,0.802,133.686,76933,4.0
0ZlVUhjO8c0bOx1D2Btznf,Arabesque,Coldplay,['Coldplay'],['4gzpq5DPGxSnKTe4SA8HAU'],Everyday Life,Everyday Life,Everyday Life,7,1,True,2019,2019-11-22,0.401,0.8340000000000001,7,-7.727,1,0.055,0.0001139999999999,0.8490000000000001,0.373,0.163,172.009,340280,4.0
0UvUivL70eDwhTWBd8S38I,When I Need A Friend,Coldplay,['Coldplay'],['4gzpq5DPGxSnKTe4SA8HAU'],Everyday Life,Everyday Life,Everyday Life,8,1,False,2019,2019-11-22,0.141,0.28,1,-18.225,1,0.0618,0.921,0.368,0.135,0.434,64.501,155000,4.0
6VzRvCbolqcUswaSPm48rI,Guns,Coldplay,['Coldplay'],['4gzpq5DPGxSnKTe4SA8HAU'],Everyday Life,Everyday Life,Everyday Life,1,2,True,2019,2019-11-22,0.475,0.565,10,-8.336,1,0.0326,0.775,0.188,0.138,0.708,85.25,115080,3.0
03T4ttRCiLXST6MZjeMwmR,Orphans,Coldplay,['Coldplay'],['4gzpq5DPGxSnKTe4SA8HAU'],Everyday Life,Everyday Life,Everyday Life,2,2,False,2019,2019-11-22,0.503,0.8079999999999999,11,-5.051,0,0.0451,0.0258,0.00149,0.557,0.282,107.973,197533,4.0
2HUtNS9qtfgWbnaagK6AAe,Èkó,Coldplay,['Coldplay'],['4gzpq5DPGxSnKTe4SA8HAU'],Everyday Life,Everyday Life,Everyday Life,3,2,False,2019,2019-11-22,0.341,0.365,7,-13.871,1,0.0322,0.722,0.0019399999999999,0.184,0.0486,182.995,157867,3.0
4Kwhm5VU4huxmQtBqd1AXo,Cry Cry Cry,Coldplay,['Coldplay'],['4gzpq5DPGxSnKTe4SA8HAU'],Everyday Life,Everyday Life,Everyday Life,4,2,False,2019,2019-11-22,0.491,0.262,8,-10.458,1,0.0572,0.89,0.288,0.207,0.3379999999999999,204.52,167280,3.0
3E3zYgQul8EaJioNvD2tv9,Old Friends,Coldplay,['Coldplay'],['4gzpq5DPGxSnKTe4SA8HAU'],Everyday Life,Everyday Life,Everyday Life,5,2,False,2019,2019-11-22,0.476,0.18,5,-17.499000000000002,1,0.0346,0.943,0.235,0.138,0.236,134.025,146947,5.0
6DGzLNiawTtntC9NHzeMeY,بنی آدم,Coldplay,['Coldplay'],['4gzpq5DPGxSnKTe4SA8HAU'],Everyday Life,Everyday Life,Everyday Life,6,2,False,2019,2019-11-22,0.3929999999999999,0.301,7,-20.428,1,0.0497,0.758,0.764,0.161,0.0384,140.438,194667,3.0
6mf7BNgXs8JipPr2QILnyN,Champion Of The World,Coldplay,['Coldplay'],['4gzpq5DPGxSnKTe4SA8HAU'],Everyday Life,Everyday Life,Everyday Life,7,2,False,2019,2019-11-22,0.503,0.594,7,-7.095,1,0.0263,0.00276,0.0102,0.109,0.168,108.9,257547,4.0
0h9fnCSnbUgOEgibnQByFv,Everyday Life,Coldplay,['Coldplay'],['4gzpq5DPGxSnKTe4SA8HAU'],Everyday Life,Everyday Life,Everyday Life,8,2,False,2019,2019-11-22,0.512,0.452,2,-8.991,1,0.0292,0.775,0.0818,0.065,0.235,124.103,258533,4.0
0dEIca2nhcxDUV8C5QkPYb,Give Life Back to Music,Daft Punk,['Daft Punk'],['4tZwfgrHOc3mvqYlEYSvVi'],Random Access Memories,Random Access Memories,Random Access Memories,1,1,False,2013,2013-05-17,0.7879999999999999,0.616,9,-10.671,0,0.0337,0.00286,0.5489999999999999,0.0952,0.696,119.037,275387,4.0
3ctALmweZBapfBdFiIVpji,The Game of Love,Daft Punk,['Daft Punk'],['4tZwfgrHOc3mvqYlEYSvVi'],Random Access Memories,Random Access Memories,Random Access Memories,2,1,False,2013,2013-05-17,0.7120000000000001,0.5,9,-11.948,0,0.0338,0.825,0.314,0.106,0.682,90.039,322147,4.0
0oks4FnzhNp5QPTZtoet7c,Giorgio by Moroder,Daft Punk,['Daft Punk'],['4tZwfgrHOc3mvqYlEYSvVi'],Random Access Memories,Random Access Memories,Random Access Memories,3,1,False,2013,2013-05-17,0.74,0.682,9,-10.42,0,0.0504,0.0692,0.53,0.381,0.41,113.201,544627,4.0
7Bxv0WL7UC6WwQpk9TzdMJ,Within,Daft Punk,['Daft Punk'],['4tZwfgrHOc3mvqYlEYSvVi'],Random Access Memories,Random Access Memories,Random Access Memories,4,1,False,2013,2013-05-17,0.7020000000000001,0.297,10,-14.116,0,0.0317,0.894,0.485,0.103,0.0676,110.116,228507,4.0
2cGxRwrMyEAp8dEbuZaVv6,Instant Crush (feat. Julian Casablancas),Daft Punk,"['Daft Punk', 'Julian Casablancas']","['4tZwfgrHOc3mvqYlEYSvVi', '1rAv1GhTQ2rmG94p9lU3rB']",Random Access Memories,Random Access Memories,Random Access Memories,5,1,False,2013,2013-05-17,0.775,0.585,10,-9.516,0,0.0271,0.0422,0.619,0.077,0.518,109.942,337560,4.0
5CMjjywI0eZMixPeqNd75R,Lose Yourself to Dance (feat. Pharrell Williams),Daft Punk,"['Daft Punk', 'Pharrell Williams']","['4tZwfgrHOc3mvqYlEYSvVi', '2RdwBSPQiwcmiDo9kixcl8']",Random Access Memories,Random Access Memories,Random Access Memories,6,1,False,2013,2013-05-17,0.8320000000000001,0.659,10,-7.8279999999999985,0,0.057,0.0839,0.00114,0.0753,0.674,100.163,353893,4.0
7oaEjLP2dTJLJsITbAxTOz,Touch (feat. Paul Williams),Daft Punk,"['Daft Punk', 'Paul Williams']","['4tZwfgrHOc3mvqYlEYSvVi', '3f626JSVauIhTQgatsFcs4']",Random Access Memories,Random Access Memories,Random Access Memories,7,1,False,2013,2013-05-17,0.29,0.412,6,-12.659,0,0.0458,0.477,0.0839,0.079,0.12,90.539,498960,4.0
69kOkLUCkxIZYexIgSG8rq,Get Lucky (feat. Pharrell Williams & Nile Rodgers),Daft Punk,"['Daft Punk', 'Pharrell Williams', 'Nile Rodgers']","['4tZwfgrHOc3mvqYlEYSvVi', '2RdwBSPQiwcmiDo9kixcl8', '3yDIp0kaq9EFKe07X1X2rz']",Random Access Memories,Random Access Memories,Random Access Memories,8,1,False,2013,2013-05-17,0.81,0.7929999999999999,6,-9.404,0,0.0403,0.0378,1.82e-06,0.072,0.863,116.049,369627,4.0
0k1xMUwn9sb7bZiqdT9ygx,Beyond,Daft Punk,['Daft Punk'],['4tZwfgrHOc3mvqYlEYSvVi'],Random Access Memories,Random Access Memories,Random Access Memories,9,1,False,2013,2013-05-17,0.716,0.648,8,-11.33,0,0.0337,0.3670000000000001,0.485,0.368,0.789,104.022,290240,4.0
79koEJRtKOOGJ0VSAF3FMk,Motherboard,Daft Punk,['Daft Punk'],['4tZwfgrHOc3mvqYlEYSvVi'],Random Access Memories,Random Access Memories,Random Access Memories,10,1,False,2013,2013-05-17,0.5479999999999999,0.7070000000000001,4,-14.902,0,0.0352,0.512,0.922,0.105,0.284,103.009,341653,4.0
0IedgQjjJ8Ad4B3UDQ5Lyn,Fragments of Time (feat. Todd Edwards),Daft Punk,"['Daft Punk', 'Todd Edwards']","['4tZwfgrHOc3mvqYlEYSvVi', '6MFopqejpmTUUZlcRmGzgg']",Random Access Memories,Random Access Memories,Random Access Memories,11,1,False,2013,2013-05-17,0.807,0.51,0,-9.729,1,0.0433,0.0409999999999999,0.115,0.104,0.961,130.118,279773,4.0
36c4JohayB9qd64eidQMBi,Doin' it Right (feat. Panda Bear),Daft Punk,"['Daft Punk', 'Panda Bear']","['4tZwfgrHOc3mvqYlEYSvVi', '1R84VlXnFFULOsWWV8IrCQ']",Random Access Memories,Random Access Memories,Random Access Memories,12,1,False,2013,2013-05-17,0.804,0.451,6,-8.207,1,0.0949,0.3879999999999999,2.17e-05,0.0924,0.19,178.06099999999995,251293,4.0
2KHRENHQzTIQ001nlP9Gdc,Contact,Daft Punk,['Daft Punk'],['4tZwfgrHOc3mvqYlEYSvVi'],Random Access Memories,Random Access Memories,Random Access Memories,13,1,False,2013,2013-05-17,0.4,0.7559999999999999,11,-8.423,0,0.0492,0.00282,0.753,0.0695,0.0924,123.828,383627,4.0
30mGnM5QNhzMVmIegDhfFs,Blackened (Remastered),Metallica,['Metallica'],['2ye2Wgw4gimLv2eAKyk1NB'],...And Justice for All (Remastered Deluxe Box Set),...And Justice for All,...And Justice for All,1,1,False,1988,1988-09-07,0.435,0.853,4,-7.341,0,0.124,5.31e-05,0.00746,0.13,0.475,129.218,402144,4.0
0Qm8thi5uT13RnpkEV8JJu,...And Justice for All (Remastered),Metallica,['Metallica'],['2ye2Wgw4gimLv2eAKyk1NB'],...And Justice for All (Remastered Deluxe Box Set),...And Justice for All,...And Justice for All,2,1,False,1988,1988-09-07,0.382,0.7929999999999999,4,-7.342,0,0.183,7.11e-05,0.147,0.0541,0.424,173.583,585507,4.0
1WnEyhN7Gdu23DQvUZkQy8,Eye of the Beholder (Remastered),Metallica,['Metallica'],['2ye2Wgw4gimLv2eAKyk1NB'],...And Justice for All (Remastered Deluxe Box Set),...And Justice for All,...And Justice for All,3,1,False,1988,1988-09-07,0.639,0.838,11,-8.179,0,0.0453,0.00327,0.00714,0.0834,0.588,122.179,385987,4.0
0LAcM6I7ijW4VVW0aytl1t,One (Remastered),Metallica,['Metallica'],['2ye2Wgw4gimLv2eAKyk1NB'],...And Justice for All (Remastered Deluxe Box Set),...And Justice for All,...And Justice for All,4,1,False,1988,1988-09-07,0.4379999999999999,0.687,7,-9.15,1,0.0619,0.000668,0.0801,0.42,0.426,103.01,446146,3.0
2Rn5VhDVELkuB4BjZEVJKr,The Shortest Straw (Remastered),Metallica,['Metallica'],['2ye2Wgw4gimLv2eAKyk1NB'],...And Justice for All (Remastered Deluxe Box Set),...And Justice for All,...And Justice for All,5,1,False,1988,1988-09-07,0.4320000000000001,0.906,9,-7.957999999999997,1,0.108,8.87e-05,0.0448,0.156,0.5920000000000001,142.767,395102,4.0
7a5jyBpaDWt9q1dEK5n8U2,Harvester of Sorrow (Remastered),Metallica,['Metallica'],['2ye2Wgw4gimLv2eAKyk1NB'],...And Justice for All (Remastered Deluxe Box Set),...And Justice for All,...And Justice for All,6,1,False,1988,1988-09-07,0.6559999999999999,0.8640000000000001,4,-7.895,0,0.0414,0.000197,0.107,0.281,0.617,93.197,345284,4.0
2ZTequNqaDxvv5N7tFrsl9,The Frayed Ends of Sanity (Remastered),Metallica,['Metallica'],['2ye2Wgw4gimLv2eAKyk1NB'],...And Justice for All (Remastered Deluxe Box Set),...And Justice for All,...And Justice for All,7,1,False,1988,1988-09-07,0.483,0.909,4,-7.296,0,0.0484,5.16e-05,0.0512,0.119,0.672,94.816,463159,4.0
5b0FFCfNvdkB31eEDbbQN1,To Live Is to Die (Remastered),Metallica,['Metallica'],['2ye2Wgw4gimLv2eAKyk1NB'],...And Justice for All (Remastered Deluxe Box Set),...And Justice for All,...And Justice for All,8,1,False,1988,1988-09-07,0.4320000000000001,0.624,11,-8.976,0,0.0409999999999999,0.000205,0.818,0.0777,0.3879999999999999,104.315,588382,4.0
7nmvslxDj3o3Y0O0d79A0G,Dyers Eve (Remastered),Metallica,['Metallica'],['2ye2Wgw4gimLv2eAKyk1NB'],...And Justice for All (Remastered Deluxe Box Set),...And Justice for All,...And Justice for All,9,1,True,1988,1988-09-07,0.4039999999999999,0.948,6,-7.252000000000003,0,0.0604,1.92e-05,0.0405,0.0773,0.701,96.789,313045,4.0
2PFoYVONNUOm7HHkTAJers,Blackened (Live - Seattle '89),Metallica,['Metallica'],['2ye2Wgw4gimLv2eAKyk1NB'],...And Justice for All (Remastered Deluxe Box Set),...And Justice for All,...And Justice for All,2,2,True,1988,1988-09-07,0.257,0.995,6,-5.811,0,0.187,4.36e-06,0.123,0.475,0.0378,134.88,397260,4.0
7MzM6iHyRYmuWBIm75DqHC,For Whom the Bell Tolls (Live - Seattle '89),Metallica,['Metallica'],['2ye2Wgw4gimLv2eAKyk1NB'],...And Justice for All (Remastered Deluxe Box Set),...And Justice for All,...And Justice for All,3,2,True,1988,1988-09-07,0.314,0.99,6,-5.513999999999999,0,0.1889999999999999,1.58e-05,0.0978,0.64,0.0451,125.06,330467,4.0
4APyuHxnKf6DcPWzFEJ40y,Welcome Home (Sanitarium) (Live - Seattle '89),Metallica,['Metallica'],['2ye2Wgw4gimLv2eAKyk1NB'],...And Justice for All (Remastered Deluxe Box Set),...And Justice for All,...And Justice for All,4,2,True,1988,1988-09-07,0.257,0.99,9,-5.817,1,0.2,1.7899999999999998e-05,0.0785,0.952,0.069,116.602,406524,4.0
1qK8CAZFt2mM7i1VX5qYjg,Harvester of Sorrow (Live - Seattle '89),Metallica,['Metallica'],['2ye2Wgw4gimLv2eAKyk1NB'],...And Justice for All (Remastered Deluxe Box Set),...And Justice for All,...And Justice for All,5,2,True,1988,1988-09-07,0.3339999999999999,0.987,11,-5.805,1,0.1159999999999999,2.9600000000000005e-05,0.00362,0.784,0.0747,96.425,370584,4.0
7naRIEBtd0qOU8r9WYumqZ,The Four Horsemen (Live - Seattle '89),Metallica,['Metallica'],['2ye2Wgw4gimLv2eAKyk1NB'],...And Justice for All (Remastered Deluxe Box Set),...And Justice for All,...And Justice for All,6,2,True,1988,1988-09-07,0.309,0.993,8,-6.211,0,0.215,5.28e-06,0.374,0.758,0.0399,110.831,360155,4.0
6wqv1OIgD5Z3PjfOaayDix,The Thing That Should Not Be (Live - Seattle '89),Metallica,['Metallica'],['2ye2Wgw4gimLv2eAKyk1NB'],...And Justice for All (Remastered Deluxe Box Set),...And Justice for All,...And Justice for All,7,2,True,1988,1988-09-07,0.304,0.986,8,-5.824,1,0.103,1.9e-05,0.225,0.987,0.138,116.255,428310,4.0
5vpU8pREH0ZZZBkyXsZcsV,Bass Solo (Live - Seattle '89),Metallica,['Metallica'],['2ye2Wgw4gimLv2eAKyk1NB'],...And Justice for All (Remastered Deluxe Box Set),...And Justice for All,...And Justice for All,8,2,True,1988,1988-09-07,0.152,0.772,2,-10.619000000000002,1,0.0653,0.000127,0.826,0.49,0.181,94.225,450386,4.0
7iGRPMvUWCZNcfqzrEXrWD,Master of Puppets (Live - Seattle '89),Metallica,['Metallica'],['2ye2Wgw4gimLv2eAKyk1NB'],...And Justice for All (Remastered Deluxe Box Set),...And Justice for All,...And Justice for All,9,2,True,1988,1988-09-07,0.259,0.989,6,-6.0120000000000005,0,0.141,6.09e-06,0.171,0.935,0.0786,111.782,530515,4.0
1npRzHqYjXPLJ9L9UkpUTA,Fade to Black (Live - Seattle '89),Metallica,['Metallica'],['2ye2Wgw4gimLv2eAKyk1NB'],...And Justice for All (Remastered Deluxe Box Set),...And Justice for All,...And Justice for All,10,2,True,1988,1988-09-07,0.173,0.975,11,-5.902,0,0.186,0.0001419999999999,0.0595,0.989,0.115,156.553,490505,4.0
5XehKCJutge72GlijNcPHW,Seek & Destroy (Live - Seattle '89),Metallica,['Metallica'],['2ye2Wgw4gimLv2eAKyk1NB'],...And Justice for All (Remastered Deluxe Box Set),...And Justice for All,...And Justice for All,11,2,True,1988,1988-09-07,0.24,0.988,9,-6.468,1,0.218,8.28e-05,0.0676,0.984,0.0601,150.94899999999996,541535,4.0
3AxLlRyXcDcpQN6rp1bpPB,...And Justice for All (Live - Seattle '89),Metallica,['Metallica'],['2ye2Wgw4gimLv2eAKyk1NB'],...And Justice for All (Remastered Deluxe Box Set),...And Justice for All,...And Justice for All,12,2,True,1988,1988-09-07,0.176,0.982,9,-6.312,1,0.215,6.33e-06,0.574,0.994,0.0475,173.801,660760,4.0
2U4gF4myhyt8tl8jMeDE3L,One (Live - Seattle '89),Metallica,['Metallica'],['2ye2Wgw4gimLv2eAKyk1NB'],...And Justice for All (Remastered Deluxe Box Set),...And Justice for All,...And Justice for All,13,2,False,1988,1988-09-07,0.259,0.993,11,-6.059,0,0.196,0.000121,0.439,0.993,0.054,118.806,567610,4.0
4EcsR2fMms1TXY44F1Yz6v,Creeping Death (Live - Seattle '89),Metallica,['Metallica'],['2ye2Wgw4gimLv2eAKyk1NB'],...And Justice for All (Remastered Deluxe Box Set),...And Justice for All,...And Justice for All,14,2,True,1988,1988-09-07,0.301,0.993,11,-5.8770000000000024,1,0.172,4.2e-06,0.428,0.8390000000000001,0.0645,115.143,470380,4.0
3Rwo3Td6i5sFSCt8TgOdtv,Guitar Solo (Live - Seattle '89),Metallica,['Metallica'],['2ye2Wgw4gimLv2eAKyk1NB'],...And Justice for All (Remastered Deluxe Box Set),...And Justice for All,...And Justice for All,15,2,False,1988,1988-09-07,0.1689999999999999,0.952,2,-6.852,1,0.149,0.109,0.984,0.595,0.0394,125.995,396196,4.0
4UDYoVoQJpUPQAmWTrcPGF,Battery (Live - Seattle '89),Metallica,['Metallica'],['2ye2Wgw4gimLv2eAKyk1NB'],...And Justice for All (Remastered Deluxe Box Set),...And Justice for All,...And Justice for All,16,2,True,1988,1988-09-07,0.242,0.993,8,-6.1720000000000015,0,0.204,3.14e-05,0.225,0.738,0.0323,105.107,377922,4.0
0cXftlT0QFMtuxUGpohdru,Encore Jam (Live - Seattle '89),Metallica,['Metallica'],['2ye2Wgw4gimLv2eAKyk1NB'],...And Justice for All (Remastered Deluxe Box Set),...And Justice for All,...And Justice for All,17,2,False,1988,1988-09-07,0.336,0.985,11,-6.06,1,0.15,6.63e-05,0.1969999999999999,0.988,0.0399,97.785,169193,4.0
6eM4XIIa25uRIOtP64hlxm,Last Caress (Live - Seattle '89),Metallica,['Metallica'],['2ye2Wgw4gimLv2eAKyk1NB'],...And Justice for All (Remastered Deluxe Box Set),...And Justice for All,...And Justice for All,18,2,True,1988,1988-09-07,0.233,0.995,7,-5.928999999999999,1,0.131,0.000183,0.406,0.499,0.0542,104.853,114058,4.0
62wvEoiTmI3Y9aQ3i5PTxl,Am I Evil? (Live - Seattle '89),Metallica,['Metallica'],['2ye2Wgw4gimLv2eAKyk1NB'],...And Justice for All (Remastered Deluxe Box Set),...And Justice for All,...And Justice for All,19,2,True,1988,1988-09-07,0.325,0.992,9,-5.768,1,0.171,3.3100000000000005e-05,0.0891,0.737,0.0763,83.92299999999999,249737,4.0
1MNAcG8x56GSD8CoQLpJHn,Whiplash (Live - Seattle '89),Metallica,['Metallica'],['2ye2Wgw4gimLv2eAKyk1NB'],...And Justice for All (Remastered Deluxe Box Set),...And Justice for All,...And Justice for All,20,2,True,1988,1988-09-07,0.119,0.993,8,-6.122000000000001,0,0.303,3.14e-05,0.336,0.996,0.0332,193.069,336602,4.0
5oL2xNJqy4VJeAQyklW0c7,Breadfan (Live - Seattle '89),Metallica,['Metallica'],['2ye2Wgw4gimLv2eAKyk1NB'],...And Justice for All (Remastered Deluxe Box Set),...And Justice for All,...And Justice for All,21,2,True,1988,1988-09-07,0.281,0.994,6,-6.152,0,0.179,5.23e-05,0.0954,0.967,0.0388,113.274,283565,4.0
25sikWHN0Lvx7TaNd6NhhE,"Blackened (1987, From James' Riff Tapes)",Metallica,['Metallica'],['2ye2Wgw4gimLv2eAKyk1NB'],...And Justice for All (Remastered Deluxe Box Set),...And Justice for All,...And Justice for All,1,3,False,1988,1988-09-07,0.11,0.423,1,-14.794,0,0.0349,0.0135,0.889,0.127,0.32,153.989,36016,4.0
4TnBQMREXn98wELdwvPJq3,"Blackened (1987, From James' Riff Tapes II)",Metallica,['Metallica'],['2ye2Wgw4gimLv2eAKyk1NB'],...And Justice for All (Remastered Deluxe Box Set),...And Justice for All,...And Justice for All,2,3,True,1988,1988-09-07,0.396,0.764,4,-15.07,1,0.052,0.534,0.0679,0.969,0.735,89.882,189228,4.0
4qKeWYFoa9KdXy2J1aGDBa,"…And Justice for All (1987, From James' Riff Tapes)",Metallica,['Metallica'],['2ye2Wgw4gimLv2eAKyk1NB'],...And Justice for All (Remastered Deluxe Box Set),...And Justice for All,...And Justice for All,3,3,False,1988,1988-09-07,0.184,0.466,4,-17.089000000000002,1,0.0447,0.0074099999999999,0.938,0.0736,0.684,87.353,158791,1.0
4vnpxZu3MYMJRU7d4BpsOh,"...And Justice for All (1988, From James' Riff Tapes)",Metallica,['Metallica'],['2ye2Wgw4gimLv2eAKyk1NB'],...And Justice for All (Remastered Deluxe Box Set),...And Justice for All,...And Justice for All,4,3,False,1988,1988-09-07,0.65,0.158,4,-18.69400000000001,0,0.0369,0.906,0.909,0.168,0.967,146.724,43661,4.0
1IiB7K0sa2Dtt0fJIVX9fU,"Eye of the Beholder (1987, From James' Riff Tapes)",Metallica,['Metallica'],['2ye2Wgw4gimLv2eAKyk1NB'],...And Justice for All (Remastered Deluxe Box Set),...And Justice for All,...And Justice for All,5,3,False,1988,1988-09-07,0.389,0.7,6,-14.827,0,0.0449,0.635,0.961,0.22,0.885,126.96,88530,4.0
4MCrpRtiXWdSWuih31zUf3,"Eye of the Beholder (1987, From James' Riff Tapes II)",Metallica,['Metallica'],['2ye2Wgw4gimLv2eAKyk1NB'],...And Justice for All (Remastered Deluxe Box Set),...And Justice for All,...And Justice for All,6,3,False,1988,1988-09-07,0.297,0.3389999999999999,2,-16.783,1,0.0443,0.0086,0.889,0.469,0.763,115.579,37689,4.0
09mTwA7SG7niAgLOGINqWc,"One (1987, From James' Riff Tapes)",Metallica,['Metallica'],['2ye2Wgw4gimLv2eAKyk1NB'],...And Justice for All (Remastered Deluxe Box Set),...And Justice for All,...And Justice for All,7,3,False,1988,1988-09-07,0.568,0.298,9,-18.813,0,0.0399,0.508,0.7959999999999999,0.256,0.557,115.475,142623,3.0
2fMobAPdWPqx0tRjIaqjAf,"The Shortest Straw (1986, From James' Riff Tapes)",Metallica,['Metallica'],['2ye2Wgw4gimLv2eAKyk1NB'],...And Justice for All (Remastered Deluxe Box Set),...And Justice for All,...And Justice for All,8,3,False,1988,1988-09-07,0.408,0.649,7,-12.193,1,0.0579999999999999,0.000138,0.873,0.288,0.419,129.054,106801,4.0
02d2xocLAJQBhseK4MYrr7,"The Shortest Straw (1986, From James' Riff Tapes II)",Metallica,['Metallica'],['2ye2Wgw4gimLv2eAKyk1NB'],...And Justice for All (Remastered Deluxe Box Set),...And Justice for All,...And Justice for All,9,3,False,1988,1988-09-07,0.213,0.5720000000000001,11,-18.706,0,0.0745,0.0119,0.946,0.35,0.272,87.319,46828,5.0
6rhmXSvoTYzw2YdaIPP7UT,"Harvester of Sorrow (1987, From James' Riff Tapes)",Metallica,['Metallica'],['2ye2Wgw4gimLv2eAKyk1NB'],...And Justice for All (Remastered Deluxe Box Set),...And Justice for All,...And Justice for All,10,3,False,1988,1988-09-07,0.251,0.353,11,-17.055,0,0.0443,0.0099,0.962,0.119,0.424,104.319,69703,5.0
2BNzfzeuBBs4Nv0PUo541R,"The Frayed Ends of Sanity (1987, From James' Riff Tapes)",Metallica,['Metallica'],['2ye2Wgw4gimLv2eAKyk1NB'],...And Justice for All (Remastered Deluxe Box Set),...And Justice for All,...And Justice for All,11,3,False,1988,1988-09-07,0.552,0.723,1,-15.787,1,0.0726,8.39e-05,0.517,0.223,0.337,100.236,99783,4.0
4nZ6dHZlR81qAaUO91YeZY,"To Live Is to Die (1986, From James' Riff Tapes)",Metallica,['Metallica'],['2ye2Wgw4gimLv2eAKyk1NB'],...And Justice for All (Remastered Deluxe Box Set),...And Justice for All,...And Justice for All,12,3,False,1988,1988-09-07,0.5820000000000001,0.257,6,-16.509,0,0.0408,0.626,0.461,0.14,0.209,63.662,90993,4.0
53PWkcpIdnHPrJ8602Oe0b,"To Live Is to Die (1988, From James' Riff Tapes)",Metallica,['Metallica'],['2ye2Wgw4gimLv2eAKyk1NB'],...And Justice for All (Remastered Deluxe Box Set),...And Justice for All,...And Justice for All,13,3,False,1988,1988-09-07,0.616,0.159,4,-16.762,0,0.0376,0.92,0.779,0.125,0.319,113.591,57465,3.0
0ec6KGDDNvocX87KJWfFLE,"Dyers Eve (1986, From James' Riff Tapes)",Metallica,['Metallica'],['2ye2Wgw4gimLv2eAKyk1NB'],...And Justice for All (Remastered Deluxe Box Set),...And Justice for All,...And Justice for All,14,3,False,1988,1988-09-07,0.346,0.521,0,-18.182,1,0.0685,0.061,0.931,0.418,0.108,92.398,71812,4.0
1l2HTjy1UKFGb2rBF3L6UJ,"Dyers Eve (1987, From James' Riff Tapes)",Metallica,['Metallica'],['2ye2Wgw4gimLv2eAKyk1NB'],...And Justice for All (Remastered Deluxe Box Set),...And Justice for All,...And Justice for All,15,3,False,1988,1988-09-07,0.205,0.8340000000000001,11,-12.421,0,0.201,2.8699999999999996e-05,0.855,0.417,0.483,181.741,365156,4.0
6qKJyyYafBmrsHK5VO9re6,"Blackened (October 1987, Writing in Progress)",Metallica,['Metallica'],['2ye2Wgw4gimLv2eAKyk1NB'],...And Justice for All (Remastered Deluxe Box Set),...And Justice for All,...And Justice for All,16,3,False,1988,1988-09-07,0.4629999999999999,0.861,9,-7.671,1,0.0317,0.00165,0.8590000000000001,0.104,0.752,99.455,202988,4.0
6SS08ugZaaas3gpm4SUOxW,"…And Justice for All (October 1987, Writing in Progress)",Metallica,['Metallica'],['2ye2Wgw4gimLv2eAKyk1NB'],...And Justice for All (Remastered Deluxe Box Set),...And Justice for All,...And Justice for All,17,3,False,1988,1988-09-07,0.4920000000000001,0.971,3,-11.744000000000002,1,0.0341,0.65,0.98,0.305,0.695,102.958,58701,4.0
7A4BeCKeh4JQLm9HbN4Bat,"…And Justice for All (October 1987, Writing in Progress II)",Metallica,['Metallica'],['2ye2Wgw4gimLv2eAKyk1NB'],...And Justice for All (Remastered Deluxe Box Set),...And Justice for All,...And Justice for All,18,3,False,1988,1988-09-07,0.508,0.949,8,-10.523,1,0.0481,0.48,0.792,0.209,0.826,173.726,87580,3.0
1ufh84wgvA7T0i0im0QlTC,"One (October 1987, Writing in Progress)",Metallica,['Metallica'],['2ye2Wgw4gimLv2eAKyk1NB'],...And Justice for All (Remastered Deluxe Box Set),...And Justice for All,...And Justice for All,19,3,False,1988,1988-09-07,0.55,0.818,6,-9.201,0,0.0467,0.00482,0.852,0.107,0.7959999999999999,56.953,69619,4.0
3oe0CvRzmcku7MNQGseT8w,"The Shortest Straw (October 1987, Writing in Progress)",Metallica,['Metallica'],['2ye2Wgw4gimLv2eAKyk1NB'],...And Justice for All (Remastered Deluxe Box Set),...And Justice for All,...And Justice for All,20,3,False,1988,1988-09-07,0.412,0.953,0,-9.456,1,0.111,0.00182,0.87,0.138,0.216,147.515,51947,4.0
7myke8Id4WyKFlWcRBJdIF,Hardwired,Metallica,['Metallica'],['2ye2Wgw4gimLv2eAKyk1NB'],Hardwired…To Self-Destruct,Hardwired…To Self-Destruct,Hardwired... to Self-Destruct,1,1,True,2016,2016-11-18,0.13,0.991,11,-3.1260000000000003,1,0.0604,1.15e-05,0.00412,0.225,0.505,185.364,191332,4.0
7uSx9pDbxfFsXPyZ4pOm7H,"Atlas, Rise!",Metallica,['Metallica'],['2ye2Wgw4gimLv2eAKyk1NB'],Hardwired…To Self-Destruct,Hardwired…To Self-Destruct,Hardwired... to Self-Destruct,2,1,False,2016,2016-11-18,0.419,0.994,9,-3.1910000000000003,0,0.0596,3.28e-05,0.0192,0.0784,0.41,95.571,388625,4.0
01LODLnhlfNphZ366BqKc0,Now That We're Dead,Metallica,['Metallica'],['2ye2Wgw4gimLv2eAKyk1NB'],Hardwired…To Self-Destruct,Hardwired…To Self-Destruct,Hardwired... to Self-Destruct,3,1,False,2016,2016-11-18,0.5660000000000001,0.951,2,-3.591,1,0.0464,0.000101,0.103,0.266,0.345,128.304,419075,4.0
5sEcwMeC3QDnSOWlyQyQ3E,Moth Into Flame,Metallica,['Metallica'],['2ye2Wgw4gimLv2eAKyk1NB'],Hardwired…To Self-Destruct,Hardwired…To Self-Destruct,Hardwired... to Self-Destruct,4,1,False,2016,2016-11-18,0.1689999999999999,0.978,4,-3.37,0,0.0657,3.28e-05,0.00395,0.0567,0.38,179.035,350644,4.0
1GHEFTy1XOzIuqW6MUfyHZ,Dream No More,Metallica,['Metallica'],['2ye2Wgw4gimLv2eAKyk1NB'],Hardwired…To Self-Destruct,Hardwired…To Self-Destruct,Hardwired... to Self-Destruct,5,1,False,2016,2016-11-18,0.505,0.947,7,-3.4760000000000004,1,0.0601,6.31e-05,0.0042899999999999,0.0628,0.287,97.615,389598,4.0
38azNLH2JwH4j8zidhY3Po,Halo On Fire,Metallica,['Metallica'],['2ye2Wgw4gimLv2eAKyk1NB'],Hardwired…To Self-Destruct,Hardwired…To Self-Destruct,Hardwired... to Self-Destruct,6,1,False,2016,2016-11-18,0.3279999999999999,0.937,4,-3.261,0,0.0506,1.31e-05,0.00327,0.0627,0.228,124.431,495017,4.0
1yrpGFcLTSafPrbIpc5ov8,Confusion,Metallica,['Metallica'],['2ye2Wgw4gimLv2eAKyk1NB'],Hardwired…To Self-Destruct,Hardwired…To Self-Destruct,Hardwired... to Self-Destruct,1,2,False,2016,2016-11-18,0.45,0.991,4,-3.532,1,0.0656,3.06e-05,0.0247,0.126,0.337,122.285,401226,4.0
7FPfl1TIBufq9AIgDiiqMh,ManUNkind,Metallica,['Metallica'],['2ye2Wgw4gimLv2eAKyk1NB'],Hardwired…To Self-Destruct,Hardwired…To Self-Destruct,Hardwired... to Self-Destruct,2,2,False,2016,2016-11-18,0.295,0.941,4,-4.167,0,0.0461,2.21e-05,0.00535,0.098,0.354,136.404,415599,4.0
6R3C89dZ2xt8EKDpgPEMFc,Here Comes Revenge,Metallica,['Metallica'],['2ye2Wgw4gimLv2eAKyk1NB'],Hardwired…To Self-Destruct,Hardwired…To Self-Destruct,Hardwired... to Self-Destruct,3,2,False,2016,2016-11-18,0.494,0.98,6,-3.823,0,0.0666,6.38e-05,0.0822,0.136,0.315,131.148,437625,4.0
3LR0MLRmhiPpD15HDWc0uM,Am I Savage?,Metallica,['Metallica'],['2ye2Wgw4gimLv2eAKyk1NB'],Hardwired…To Self-Destruct,Hardwired…To Self-Destruct,Hardwired... to Self-Destruct,4,2,False,2016,2016-11-18,0.295,0.944,0,-3.66,1,0.0519,2.1e-05,0.000822,0.0735,0.236,144.03,389663,4.0
6bavz6DVogZ45tleQJxlv0,Murder One,Metallica,['Metallica'],['2ye2Wgw4gimLv2eAKyk1NB'],Hardwired…To Self-Destruct,Hardwired…To Self-Destruct,Hardwired... to Self-Destruct,5,2,False,2016,2016-11-18,0.445,0.953,6,-3.359,1,0.0408,2.17e-05,0.00251,0.108,0.351,107.222,345277,4.0
7MHkweinOceprzkRWIYTTc,Spit Out the Bone,Metallica,['Metallica'],['2ye2Wgw4gimLv2eAKyk1NB'],Hardwired…To Self-Destruct,Hardwired…To Self-Destruct,Hardwired... to Self-Destruct,6,2,False,2016,2016-11-18,0.157,0.987,9,-3.739,1,0.091,9.25e-06,0.0628,0.151,0.462,167.949,429199,4.0
3wb7zznyd1Ue1UHv6eMUPv,Lords of Summer,Metallica,['Metallica'],['2ye2Wgw4gimLv2eAKyk1NB'],Hardwired…To Self-Destruct (Deluxe),Hardwired…To Self-Destruct,Hardwired... to Self-Destruct,1,3,False,2016,2016-11-18,0.21,0.974,11,-3.91,1,0.0579,1.18e-05,0.00326,0.2789999999999999,0.603,164.035,430000,4.0
1BeDcrY6BrZ3xCOlXkYYAr,Ronnie Rising Medley - A Light In the Black / Tarot Woman / Stargazer / Kill the King,Metallica,['Metallica'],['2ye2Wgw4gimLv2eAKyk1NB'],Hardwired…To Self-Destruct (Deluxe),Hardwired…To Self-Destruct,Hardwired... to Self-Destruct,2,3,False,2016,2016-11-18,0.312,0.914,1,-5.332000000000002,1,0.0607,1.13e-05,0.00108,0.0604,0.425,130.126,543147,4.0
4eE0QdkPZ0vXyN9fDbCNzd,When a Blind Man Cries,Metallica,['Metallica'],['2ye2Wgw4gimLv2eAKyk1NB'],Hardwired…To Self-Destruct (Deluxe),Hardwired…To Self-Destruct,Hardwired... to Self-Destruct,3,3,False,2016,2016-11-18,0.3670000000000001,0.768,8,-5.797999999999999,1,0.0422,0.000349,0.0608,0.11,0.289,135.067,275013,4.0
0rriP85Dczj50b3bz8V912,Remember Tomorrow,Metallica,['Metallica'],['2ye2Wgw4gimLv2eAKyk1NB'],Hardwired…To Self-Destruct (Deluxe),Hardwired…To Self-Destruct,Hardwired... to Self-Destruct,4,3,False,2016,2016-11-18,0.264,0.953,10,-3.952,0,0.045,6.94e-05,0.308,0.06,0.321,104.152,350067,4.0
3gGCLCvp1iniDou3oQX7fF,"Helpless - Live at Rasputin Music, Berkeley, CA - April 16th, 2016",Metallica,['Metallica'],['2ye2Wgw4gimLv2eAKyk1NB'],Hardwired…To Self-Destruct (Deluxe),Hardwired…To Self-Destruct,Hardwired... to Self-Destruct,5,3,False,2016,2016-11-18,0.283,0.989,1,-3.89,1,0.1169999999999999,1.0800000000000003e-05,0.055,0.8420000000000001,0.31,142.874,188013,4.0
3wzthRN7j3xMbSoZqL5Oze,"Hit the Lights - Live at Rasputin Music, Berkeley, CA - April 16th, 2016",Metallica,['Metallica'],['2ye2Wgw4gimLv2eAKyk1NB'],Hardwired…To Self-Destruct (Deluxe),Hardwired…To Self-Destruct,Hardwired... to Self-Destruct,6,3,False,2016,2016-11-18,0.2,0.982,8,-3.381,1,0.132,3.75e-06,0.24,0.425,0.374,154.858,247000,4.0
62gX0I6LuowSBMFdgSQkxl,"The Four Horsemen - Live at Rasputin Music, Berkeley, CA - April 16th, 2016",Metallica,['Metallica'],['2ye2Wgw4gimLv2eAKyk1NB'],Hardwired…To Self-Destruct (Deluxe),Hardwired…To Self-Destruct,Hardwired... to Self-Destruct,7,3,False,2016,2016-11-18,0.315,0.973,8,-4.387,1,0.0891,6.7e-06,0.00101,0.955,0.3329999999999999,107.338,319240,4.0
4dr6uMWtxJT3HgkFk9usO0,"Ride the Lightning - Live at Rasputin Music, Berkeley, CA - April 16th, 2016",Metallica,['Metallica'],['2ye2Wgw4gimLv2eAKyk1NB'],Hardwired…To Self-Destruct (Deluxe),Hardwired…To Self-Destruct,Hardwired... to Self-Destruct,8,3,False,2016,2016-11-18,0.255,0.985,8,-4.574,1,0.113,1.59e-05,0.00657,0.974,0.288,149.345,416360,4.0
1NlC4RUcqTU11CYRCQJuSQ,"Fade to Black - Live at Rasputin Music, Berkeley, CA - April 16th, 2016",Metallica,['Metallica'],['2ye2Wgw4gimLv2eAKyk1NB'],Hardwired…To Self-Destruct (Deluxe),Hardwired…To Self-Destruct,Hardwired... to Self-Destruct,9,3,False,2016,2016-11-18,0.222,0.919,10,-5.043,0,0.0781,0.000144,0.0106,0.945,0.373,156.394,444093,4.0
3novFzen6wOB45QLjIkavx,"Jump in the Fire - Live at Rasputin Music, Berkeley, CA - April 16th, 2016",Metallica,['Metallica'],['2ye2Wgw4gimLv2eAKyk1NB'],Hardwired…To Self-Destruct (Deluxe),Hardwired…To Self-Destruct,Hardwired... to Self-Destruct,10,3,False,2016,2016-11-18,0.425,0.948,8,-5.207999999999998,1,0.109,0.000143,0.00171,0.855,0.482,85.444,313120,4.0
1rG3nJTZyRjklXf8VMq8cx,"For Whom the Bell Tolls - Live at Rasputin Music, Berkeley, CA - April 16th, 2016",Metallica,['Metallica'],['2ye2Wgw4gimLv2eAKyk1NB'],Hardwired…To Self-Destruct (Deluxe),Hardwired…To Self-Destruct,Hardwired... to Self-Destruct,11,3,False,2016,2016-11-18,0.288,0.966,10,-4.604,0,0.0818,4.94e-05,0.0026,0.6629999999999999,0.248,135.702,272000,4.0
6bNGesDZKFasyWYS5BAWxG,"Creeping Death - Live at Rasputin Music, Berkeley, CA - April 16th, 2016",Metallica,['Metallica'],['2ye2Wgw4gimLv2eAKyk1NB'],Hardwired…To Self-Destruct (Deluxe),Hardwired…To Self-Destruct,Hardwired... to Self-Destruct,12,3,False,2016,2016-11-18,0.3,0.986,8,-4.665,1,0.132,1.14e-05,0.00649,0.386,0.32,113.746,403173,4.0
6hDQ99tIlC1S8OC2CpIMNU,"Metal Militia - Live at Rasputin Music, Berkeley, CA - April 16th, 2016",Metallica,['Metallica'],['2ye2Wgw4gimLv2eAKyk1NB'],Hardwired…To Self-Destruct (Deluxe),Hardwired…To Self-Destruct,Hardwired... to Self-Destruct,13,3,False,2016,2016-11-18,0.184,0.98,1,-4.504,1,0.132,5.06e-05,0.0033299999999999,0.8009999999999999,0.332,168.40599999999995,367480,4.0
6cVHdquegEopMxjVrztawo,"Hardwired - Live at U.S. Bank Stadium, Minneapolis, MN - August 20th, 2016",Metallica,['Metallica'],['2ye2Wgw4gimLv2eAKyk1NB'],Hardwired…To Self-Destruct (Deluxe),Hardwired…To Self-Destruct,Hardwired... to Self-Destruct,14,3,False,2016,2016-11-18,0.113,0.995,8,-4.662,1,0.113,1.4800000000000002e-05,0.00993,0.981,0.265,184.213,210080,4.0
7MfEDP2TL40OPiUDwZiyVk,Blew,Nirvana,['Nirvana'],['6olE6TJLqED3rqDCT0FyPh'],Bleach (Deluxe Edition),Bleach,Bleach,1,1,False,1989,1989-06-15,0.411,0.882,1,-6.617999999999999,1,0.0556,5.65e-06,0.0147,0.298,0.531,129.84799999999998,174134,4.0
2k0jOa1BwG7MetShXXOXNY,Floyd The Barber,Nirvana,['Nirvana'],['6olE6TJLqED3rqDCT0FyPh'],Bleach (Deluxe Edition),Bleach,Bleach,2,1,False,1989,1989-06-15,0.4429999999999999,0.878,8,-6.7170000000000005,0,0.0418,0.000788,0.56,0.0623,0.6829999999999999,136.567,138048,4.0
0nH4OFO4PasjNGvQv1Z36s,About A Girl,Nirvana,['Nirvana'],['6olE6TJLqED3rqDCT0FyPh'],Bleach (Deluxe Edition),Bleach,Bleach,3,1,False,1989,1989-06-15,0.413,0.875,6,-7.48,0,0.031,5.13e-06,0.00058,0.209,0.575,131.951,168429,4.0
1vEgrHo24l50BHDse4NoOu,School,Nirvana,['Nirvana'],['6olE6TJLqED3rqDCT0FyPh'],Bleach (Deluxe Edition),Bleach,Bleach,4,1,False,1989,1989-06-15,0.21,0.943,4,-7.6560000000000015,1,0.0785,1.15e-05,0.493,0.0739,0.13,164.84400000000005,162116,4.0
4AkFvW4VdNDNmVXehylmrr,Love Buzz,Nirvana,['Nirvana'],['6olE6TJLqED3rqDCT0FyPh'],Bleach (Deluxe Edition),Bleach,Bleach,5,1,False,1989,1989-06-15,0.479,0.865,5,-8.281,0,0.0339,3.1e-05,0.228,0.182,0.77,137.90200000000002,215203,4.0
55qsSHEIugmCvIs9WvhUtM,Paper Cuts,Nirvana,['Nirvana'],['6olE6TJLqED3rqDCT0FyPh'],Bleach (Deluxe Edition),Bleach,Bleach,6,1,False,1989,1989-06-15,0.5529999999999999,0.726,4,-7.4620000000000015,1,0.0403,0.00205,0.17,0.139,0.361,102.094,246139,4.0
59CuTexkhnoSCBSwjqYE2a,Negative Creep,Nirvana,['Nirvana'],['6olE6TJLqED3rqDCT0FyPh'],Bleach (Deluxe Edition),Bleach,Bleach,7,1,False,1989,1989-06-15,0.37,0.947,2,-7.212999999999999,1,0.0901,7.97e-06,0.000175,0.0762,0.418,81.744,175745,4.0
16eGbARhfnJ2gdfwXjlC0c,Scoff,Nirvana,['Nirvana'],['6olE6TJLqED3rqDCT0FyPh'],Bleach (Deluxe Edition),Bleach,Bleach,8,1,False,1989,1989-06-15,0.442,0.915,11,-7.751,0,0.0403,6.47e-06,0.865,0.114,0.735,145.27,250252,4.0
4xmKa5V3AahswhMWGK0bFE,Swap Meet,Nirvana,['Nirvana'],['6olE6TJLqED3rqDCT0FyPh'],Bleach (Deluxe Edition),Bleach,Bleach,9,1,False,1989,1989-06-15,0.387,0.953,2,-7.143,1,0.0557,5.28e-05,2.45e-05,0.1889999999999999,0.7090000000000001,146.313,183068,4.0
6xGv2b6QzUbEhapfeh6AhY,Mr. Moustache,Nirvana,['Nirvana'],['6olE6TJLqED3rqDCT0FyPh'],Bleach (Deluxe Edition),Bleach,Bleach,10,1,False,1989,1989-06-15,0.1939999999999999,0.898,0,-6.12,1,0.0608,5.58e-06,0.141,0.108,0.482,177.19099999999997,203929,4.0
06DXBNjznZWjgIIBJENKXy,Sifting,Nirvana,['Nirvana'],['6olE6TJLqED3rqDCT0FyPh'],Bleach (Deluxe Edition),Bleach,Bleach,11,1,False,1989,1989-06-15,0.42,0.747,0,-7.559,1,0.0394,8.7e-05,0.0125,0.106,0.583,115.4,322529,4.0
0OZD3AgpG14rb4XzErAaUS,Big Cheese,Nirvana,['Nirvana'],['6olE6TJLqED3rqDCT0FyPh'],Bleach (Deluxe Edition),Bleach,Bleach,12,1,False,1989,1989-06-15,0.27,0.945,4,-6.65,0,0.0537,5.73e-06,0.0203,0.179,0.297,129.556,222320,4.0
0Coz1qPuvT860fwTCAFga2,Downer,Nirvana,['Nirvana'],['6olE6TJLqED3rqDCT0FyPh'],Bleach (Deluxe Edition),Bleach,Bleach,13,1,False,1989,1989-06-15,0.345,0.932,4,-6.109,0,0.1119999999999999,0.000401,0.546,0.185,0.508,100.961,103745,4.0
6Jtgr4u0coz5VC5sa8waZT,Intro (Live at Pine Street Theatre),Nirvana,['Nirvana'],['6olE6TJLqED3rqDCT0FyPh'],Bleach (Deluxe Edition),Bleach,Bleach,14,1,False,1989,1989-06-15,0.2689999999999999,0.634,9,-7.221,1,0.0421,1.18e-05,0.42,0.0917,0.364,84.911,52820,1.0
40K9cDjcCCGTRTpOcY2swh,School (Live at Pine Street Theatre),Nirvana,['Nirvana'],['6olE6TJLqED3rqDCT0FyPh'],Bleach (Deluxe Edition),Bleach,Bleach,15,1,False,1989,1989-06-15,0.257,0.958,4,-6.0089999999999995,1,0.0967,1.35e-05,0.127,0.217,0.474,158.784,156287,4.0
4WG43ZPnIc9vI3BAbnG7Et,Floyd The Barber (Live at Pine Street Theatre),Nirvana,['Nirvana'],['6olE6TJLqED3rqDCT0FyPh'],Bleach (Deluxe Edition),Bleach,Bleach,16,1,False,1989,1989-06-15,0.3329999999999999,0.914,5,-5.928,1,0.0503,8.88e-06,0.0445,0.218,0.493,145.838,136874,4.0
3JGGCsWGzo4JfIw5fwUJwQ,Dive (Live at Pine Street Theatre),Nirvana,['Nirvana'],['6olE6TJLqED3rqDCT0FyPh'],Bleach (Deluxe Edition),Bleach,Bleach,17,1,False,1989,1989-06-15,0.411,0.895,11,-5.807,1,0.0342,5.21e-06,0.00509,0.14,0.439,132.553,222432,4.0
1LXCcreL7xDtzp9qD9vaBi,Love Buzz (Live at Pine Street Theatre),Nirvana,['Nirvana'],['6olE6TJLqED3rqDCT0FyPh'],Bleach (Deluxe Edition),Bleach,Bleach,18,1,False,1989,1989-06-15,0.407,0.952,2,-7.382999999999999,1,0.0654,4.98e-05,0.146,0.106,0.81,152.945,177761,4.0
69VW3UCs940XFbTfShXhXx,Spank Thru (Live at Pine Street Theatre),Nirvana,['Nirvana'],['6olE6TJLqED3rqDCT0FyPh'],Bleach (Deluxe Edition),Bleach,Bleach,19,1,False,1989,1989-06-15,0.305,0.95,2,-6.6610000000000005,1,0.0547,2.7699999999999996e-05,0.0512,0.225,0.35,137.933,179283,4.0
26NjS2idHhxTGL1MFMwFQ5,Molly's Lips (Live at Pine Street Theatre),Nirvana,['Nirvana'],['6olE6TJLqED3rqDCT0FyPh'],Bleach (Deluxe Edition),Bleach,Bleach,20,1,False,1989,1989-06-15,0.284,0.964,7,-6.651,1,0.1,5.56e-05,0.0803,0.2689999999999999,0.415,156.57299999999995,135840,4.0
0R74a9wyA6iP2XIDD4aUbh,Sappy (Live at Pine Street Theatre),Nirvana,['Nirvana'],['6olE6TJLqED3rqDCT0FyPh'],Bleach (Deluxe Edition),Bleach,Bleach,21,1,False,1989,1989-06-15,0.409,0.918,2,-6.218,1,0.0387,4.13e-06,0.0464,0.657,0.442,135.721,199200,4.0
7qlMlDDjN46ugUlU44ABoh,Scoff (Live at Pine Street Theatre),Nirvana,['Nirvana'],['6olE6TJLqED3rqDCT0FyPh'],Bleach (Deluxe Edition),Bleach,Bleach,22,1,False,1989,1989-06-15,0.3720000000000001,0.933,4,-6.3,0,0.0466,2.9e-06,0.2,0.6829999999999999,0.897,155.403,232627,4.0
3ti6Jgpb9qYyclshjuVnGo,About A Girl (Live at Pine Street Theatre),Nirvana,['Nirvana'],['6olE6TJLqED3rqDCT0FyPh'],Bleach (Deluxe Edition),Bleach,Bleach,23,1,False,1989,1989-06-15,0.36,0.931,4,-6.007999999999999,0,0.0363,4.9000000000000005e-06,8.18e-06,0.461,0.6859999999999999,149.44,147939,4.0
10Y2Rwqx2vF2axBkqpOhSa,Been A Son (Live at Pine Street Theatre),Nirvana,['Nirvana'],['6olE6TJLqED3rqDCT0FyPh'],Bleach (Deluxe Edition),Bleach,Bleach,24,1,False,1989,1989-06-15,0.28,0.916,7,-6.689,1,0.0415,6.47e-06,0.52,0.701,0.682,151.559,120559,4.0
4FoVw6Nqavw4lfnwCmH4BT,Blew (Live at Pine Street Theatre),Nirvana,['Nirvana'],['6olE6TJLqED3rqDCT0FyPh'],Bleach (Deluxe Edition),Bleach,Bleach,25,1,False,1989,1989-06-15,0.24,0.934,2,-7.815,1,0.139,0.000126,0.0158,0.726,0.2269999999999999,140.127,270173,4.0
0iJfN2CqrX7O8hkzgAMMAf,Cluster One,Pink Floyd,['Pink Floyd'],['0k17h0D3J5VfsdmQ1iZtE9'],The Division Bell,The Division Bell,The Division Bell,1,1,False,1994,1994,0.222,0.0555,0,-22.118,1,0.0321,0.767,0.923,0.118,0.033,98.941,355634,4.0
3Tsh9pjiJ5cvmuiZALdgVz,What Do You Want from Me,Pink Floyd,['Pink Floyd'],['0k17h0D3J5VfsdmQ1iZtE9'],The Division Bell,The Division Bell,The Division Bell,2,1,False,1994,1994,0.515,0.565,4,-9.547,1,0.0304,0.113,1.35e-05,0.122,0.374,104.378,261587,4.0
6uE9hF8fIb6shBXrrzA12U,Poles Apart,Pink Floyd,['Pink Floyd'],['0k17h0D3J5VfsdmQ1iZtE9'],The Division Bell,The Division Bell,The Division Bell,3,1,False,1994,1994,0.162,0.411,7,-11.333,1,0.0347,0.3,0.0775,0.687,0.247,61.418,423064,4.0
6bIPHR8AJG5HAcn9oF21Ma,Marooned,Pink Floyd,['Pink Floyd'],['0k17h0D3J5VfsdmQ1iZtE9'],The Division Bell,The Division Bell,The Division Bell,4,1,False,1994,1994,0.412,0.34,7,-14.836,1,0.0294,0.386,0.574,0.12,0.144,74.212,330385,4.0
2dxfyqdrI8XVOT3H1YcOsU,A Great Day for Freedom,Pink Floyd,['Pink Floyd'],['0k17h0D3J5VfsdmQ1iZtE9'],The Division Bell,The Division Bell,The Division Bell,5,1,False,1994,1994,0.384,0.348,0,-12.239,1,0.0293,0.626,0.00124,0.236,0.264,84.311,256986,3.0
2GoeLsETNdx8lRoWW2aeNj,Wearing the Inside Out,Pink Floyd,['Pink Floyd'],['0k17h0D3J5VfsdmQ1iZtE9'],The Division Bell,The Division Bell,The Division Bell,6,1,False,1994,1994,0.602,0.426,10,-15.317,1,0.0404,0.307,0.0468,0.104,0.363,122.399,409255,4.0
325toqbCzE1g1pYIED7U4C,Take It Back,Pink Floyd,['Pink Floyd'],['0k17h0D3J5VfsdmQ1iZtE9'],The Division Bell,The Division Bell,The Division Bell,7,1,False,1994,1994,0.469,0.602,7,-11.156,1,0.0289,0.133,0.00613,0.273,0.131,112.427,372226,4.0
1bQ4zbP8Fo0qAePTSOfYji,Coming Back to Life,Pink Floyd,['Pink Floyd'],['0k17h0D3J5VfsdmQ1iZtE9'],The Division Bell,The Division Bell,The Division Bell,8,1,False,1994,1994,0.286,0.499,0,-11.095999999999998,1,0.044,0.4639999999999999,0.000682,0.102,0.145,176.437,379241,4.0
0vI64OhYqTo6KYswDlx0yT,Keep Talking,Pink Floyd,['Pink Floyd'],['0k17h0D3J5VfsdmQ1iZtE9'],The Division Bell,The Division Bell,The Division Bell,9,1,False,1994,1994,0.496,0.7709999999999999,4,-11.938,0,0.0528,0.188,0.00929,0.0788,0.24,100.298,370667,4.0
4Ev1LZ4uzjnSvDHpgdyBZK,Lost for Words,Pink Floyd,['Pink Floyd'],['0k17h0D3J5VfsdmQ1iZtE9'],The Division Bell,The Division Bell,The Division Bell,10,1,True,1994,1994,0.599,0.3989999999999999,0,-14.014,1,0.0248,0.128,0.00342,0.7120000000000001,0.222,96.327,314961,4.0
5a4MgIUSf9K8wXLSm6xPEx,High Hopes,Pink Floyd,['Pink Floyd'],['0k17h0D3J5VfsdmQ1iZtE9'],The Division Bell,The Division Bell,The Division Bell,11,1,False,1994,1994,0.52,0.411,0,-12.536,0,0.025,0.2019999999999999,0.153,0.351,0.28,75.235,510965,4.0
2cebGDEkFRmNxMWcNJn6v8,"Side 1, Pt. 1: Things Left Unsaid",Pink Floyd,['Pink Floyd'],['0k17h0D3J5VfsdmQ1iZtE9'],The Endless River,The Endless River,The Endless River,1,1,False,2014,2014-11-10,0.115,0.118,3,-23.409,1,0.0393,0.957,0.8909999999999999,0.19,0.0322,84.671,266733,4.0
6jEbXVZywyaJnEiBI3GsrH,"Side 1, Pt. 2: It's What We Do",Pink Floyd,['Pink Floyd'],['0k17h0D3J5VfsdmQ1iZtE9'],The Endless River,The Endless River,The Endless River,2,1,False,2014,2014-11-10,0.283,0.3329999999999999,4,-14.984000000000002,0,0.0314,0.517,0.754,0.627,0.0482,144.438,377307,3.0
4naSB82Lzv9R6s0ZRZ8Q8W,"Side 1, Pt. 3: Ebb And Flow",Pink Floyd,['Pink Floyd'],['0k17h0D3J5VfsdmQ1iZtE9'],The Endless River,The Endless River,The Endless River,3,1,False,2014,2014-11-10,0.215,0.0357,0,-26.315,1,0.0356,0.992,0.887,0.256,0.0491,80.971,114560,4.0
5FIKKxTv8FnAjtgAheU862,"Side 2, Pt. 1: Sum",Pink Floyd,['Pink Floyd'],['0k17h0D3J5VfsdmQ1iZtE9'],The Endless River,The Endless River,The Endless River,4,1,False,2014,2014-11-10,0.511,0.491,4,-16.055,0,0.0516,0.036,0.86,0.6729999999999999,0.0963,112.033,288360,4.0
1mMrTFKOROzGNpgsQ31wfY,"Side 2, Pt. 2: Skins",Pink Floyd,['Pink Floyd'],['0k17h0D3J5VfsdmQ1iZtE9'],The Endless River,The Endless River,The Endless River,5,1,False,2014,2014-11-10,0.31,0.68,9,-16.726,1,0.0506,0.0345,0.875,0.525,0.2739999999999999,124.798,157013,4.0
7I5jWjlfKbowYoDmeWEdND,"Side 2, Pt. 3: Unsung",Pink Floyd,['Pink Floyd'],['0k17h0D3J5VfsdmQ1iZtE9'],The Endless River,The Endless River,The Endless River,6,1,False,2014,2014-11-10,0.507,0.131,0,-18.799,1,0.0468,0.978,0.908,0.1159999999999999,0.0511,129.85,67120,3.0
4Ptku8GHNGaI5GJnmEpZF1,"Side 2, Pt. 4: Anisina",Pink Floyd,['Pink Floyd'],['0k17h0D3J5VfsdmQ1iZtE9'],The Endless River,The Endless River,The Endless River,7,1,False,2014,2014-11-10,0.382,0.4039999999999999,0,-11.612,1,0.0278,0.552,0.638,0.127,0.312,143.907,196800,4.0
5a2AbdlDvBRpu7yg6fTehj,"Side 3, Pt. 1: The Lost Art of Conversation",Pink Floyd,['Pink Floyd'],['0k17h0D3J5VfsdmQ1iZtE9'],The Endless River,The Endless River,The Endless River,8,1,False,2014,2014-11-10,0.141,0.0419,1,-23.997,0,0.035,0.4039999999999999,0.395,0.185,0.0712,90.219,102947,4.0
7npQbR646LjCg0qBhvWE2s,"Side 3, Pt. 2: On Noodle Street",Pink Floyd,['Pink Floyd'],['0k17h0D3J5VfsdmQ1iZtE9'],The Endless River,The Endless River,The Endless River,9,1,False,2014,2014-11-10,0.5670000000000001,0.122,1,-21.50800000000001,0,0.0296,0.875,0.598,0.107,0.4,105.483,102013,4.0
2M9kdmwWuGSNYYzzOxFKyB,"Side 3, Pt. 3: Night Light",Pink Floyd,['Pink Floyd'],['0k17h0D3J5VfsdmQ1iZtE9'],The Endless River,The Endless River,The Endless River,10,1,False,2014,2014-11-10,0.255,0.0972,0,-24.991,0,0.0378,0.99,0.706,0.12,0.0549,130.748,102200,4.0
5Cs8YMRH3hfaLK4HPUFe9l,"Side 3, Pt. 4: Allons-y (1)",Pink Floyd,['Pink Floyd'],['0k17h0D3J5VfsdmQ1iZtE9'],The Endless River,The Endless River,The Endless River,11,1,False,2014,2014-11-10,0.523,0.561,4,-13.781,0,0.0361,0.17,0.7609999999999999,0.359,0.316,113.095,117280,4.0
2wWncVXYwtlorzhk8S1jU5,"Side 3, Pt. 5: Autumn '68",Pink Floyd,['Pink Floyd'],['0k17h0D3J5VfsdmQ1iZtE9'],The Endless River,The Endless River,The Endless River,12,1,False,2014,2014-11-10,0.168,0.2,4,-19.205,0,0.0414,0.421,0.892,0.111,0.0358,54.32,95147,4.0
618H64JuNjoDCzgf4SFJOH,"Side 3, Pt. 6: Allons-y (2)",Pink Floyd,['Pink Floyd'],['0k17h0D3J5VfsdmQ1iZtE9'],The Endless River,The Endless River,The Endless River,13,1,False,2014,2014-11-10,0.414,0.537,9,-13.341,1,0.0379,0.136,0.932,0.109,0.0935,113.079,92413,4.0
5zezxlbGoSr1q3GJ4PMRUW,"Side 3, Pt. 7: Talkin' Hawkin'",Pink Floyd,['Pink Floyd'],['0k17h0D3J5VfsdmQ1iZtE9'],The Endless River,The Endless River,The Endless River,14,1,False,2014,2014-11-10,0.173,0.389,9,-14.244000000000002,1,0.0333,0.293,0.6990000000000001,0.1119999999999999,0.0654,83.48200000000001,209120,3.0
2TUmSjVZxvwbcV8xyqLgyu,"Side 4, Pt. 1: Calling",Pink Floyd,['Pink Floyd'],['0k17h0D3J5VfsdmQ1iZtE9'],The Endless River,The Endless River,The Endless River,15,1,False,2014,2014-11-10,0.142,0.201,0,-21.894,1,0.0337,0.564,0.942,0.132,0.0394,86.029,217933,4.0
3U7q3RR3DFEzEjU1J1FU1E,"Side 4, Pt. 2: Eyes To Pearls",Pink Floyd,['Pink Floyd'],['0k17h0D3J5VfsdmQ1iZtE9'],The Endless River,The Endless River,The Endless River,16,1,False,2014,2014-11-10,0.392,0.1889999999999999,11,-20.601,0,0.0315,0.7859999999999999,0.8759999999999999,0.123,0.0746,126.341,111173,4.0
5tJTrkpPZwMXX6U2bNO1ka,"Side 4, Pt. 3: Surfacing",Pink Floyd,['Pink Floyd'],['0k17h0D3J5VfsdmQ1iZtE9'],The Endless River,The Endless River,The Endless River,17,1,False,2014,2014-11-10,0.298,0.442,0,-14.63,1,0.0298,0.239,0.537,0.57,0.0758,67.095,166253,4.0
2nMRGpC0iszLNkJxBQuQ2a,"Side 4, Pt. 4: Louder Than Words",Pink Floyd,['Pink Floyd'],['0k17h0D3J5VfsdmQ1iZtE9'],The Endless River,The Endless River,The Endless River,18,1,False,2014,2014-11-10,0.507,0.319,9,-13.488,1,0.0297,0.605,5.36e-05,0.349,0.0958,112.994,396853,4.0
2uDAJwIA8AD9UTvh8P6nlt,TBS9,Pink Floyd,['Pink Floyd'],['0k17h0D3J5VfsdmQ1iZtE9'],The Endless River,The Endless River,The Endless River,19,1,False,2014,2014-11-10,0.223,0.13,0,-20.86,1,0.0346,0.27,0.0291,0.053,0.063,131.065,147947,4.0
7uzDP9C0T7YbHiYSHMDCWy,TBS14,Pink Floyd,['Pink Floyd'],['0k17h0D3J5VfsdmQ1iZtE9'],The Endless River,The Endless River,The Endless River,20,1,False,2014,2014-11-10,0.412,0.402,4,-13.82,0,0.0381,0.376,0.718,0.14,0.445,129.07,251053,4.0
3PlQesESfSzOqAeB42nvTa,Nervana,Pink Floyd,['Pink Floyd'],['0k17h0D3J5VfsdmQ1iZtE9'],The Endless River,The Endless River,The Endless River,21,1,False,2014,2014-11-10,0.268,0.642,2,-12.805,1,0.0372,0.00137,0.924,0.123,0.472,207.971,330733,4.0
5KZ0qobWEFl892YjIC02SE,You,Radiohead,['Radiohead'],['4Z8W4fKeB5YxbusRsdQVPb'],Pablo Honey,Pablo Honey,Pablo Honey,1,1,False,1993,1993-02-22,0.222,0.7070000000000001,9,-12.012,1,0.0578,0.0009449999999999,0.00684,0.109,0.298,112.663,208667,3.0
70LcF31zb1H0PyJoS1Sx1r,Creep,Radiohead,['Radiohead'],['4Z8W4fKeB5YxbusRsdQVPb'],Pablo Honey,Pablo Honey,Pablo Honey,2,1,True,1993,1993-02-22,0.515,0.43,7,-9.935,1,0.0372,0.0097,0.000133,0.129,0.104,91.844,238640,4.0
5qsgK2wcodYCEbgbdCpYOG,How Do You?,Radiohead,['Radiohead'],['4Z8W4fKeB5YxbusRsdQVPb'],Pablo Honey,Pablo Honey,Pablo Honey,3,1,False,1993,1993-02-22,0.185,0.964,9,-8.316,1,0.084,0.000659,0.879,0.107,0.238,147.351,132173,4.0
3CbAW3GjkBKfErt4LLbSzr,Stop Whispering,Radiohead,['Radiohead'],['4Z8W4fKeB5YxbusRsdQVPb'],Pablo Honey,Pablo Honey,Pablo Honey,4,1,False,1993,1993-02-22,0.212,0.696,2,-10.059,1,0.0472,0.000849,0.0165,0.129,0.298,122.35,325627,4.0
46tfxn5lP7Qsbz7NHsj9iu,Thinking About You,Radiohead,['Radiohead'],['4Z8W4fKeB5YxbusRsdQVPb'],Pablo Honey,Pablo Honey,Pablo Honey,5,1,False,1993,1993-02-22,0.365,0.37,7,-14.134,1,0.0331,0.705,7.71e-06,0.0883,0.42,103.442,161533,4.0
23oUaizFBFVFI5PxJrkiO5,Anyone Can Play Guitar,Radiohead,['Radiohead'],['4Z8W4fKeB5YxbusRsdQVPb'],Pablo Honey,Pablo Honey,Pablo Honey,6,1,False,1993,1993-02-22,0.293,0.812,4,-10.772,0,0.0546,0.000101,0.0007559999999999,0.332,0.555,150.743,217800,4.0
2wOvYLilnDJfuPXGHGFAWZ,Ripcord,Radiohead,['Radiohead'],['4Z8W4fKeB5YxbusRsdQVPb'],Pablo Honey,Pablo Honey,Pablo Honey,7,1,False,1993,1993-02-22,0.255,0.906,2,-10.436,1,0.0548,1.98e-05,0.358,0.322,0.256,137.951,189733,4.0
6HbWoyinLdXPZmk6xONuKw,Vegetable,Radiohead,['Radiohead'],['4Z8W4fKeB5YxbusRsdQVPb'],Pablo Honey,Pablo Honey,Pablo Honey,8,1,False,1993,1993-02-22,0.382,0.7170000000000001,6,-8.868,1,0.0339,0.00281,0.569,0.187,0.419,105.82,192667,4.0
0GDuL9TCO41PgsrKWBSGlm,Prove Yourself,Radiohead,['Radiohead'],['4Z8W4fKeB5YxbusRsdQVPb'],Pablo Honey,Pablo Honey,Pablo Honey,9,1,False,1993,1993-02-22,0.25,0.62,0,-10.915,1,0.0611,0.000849,0.0848,0.175,0.319,114.097,145373,4.0
13nQ70PnhDnTkYqCmdg3sy,I Can't,Radiohead,['Radiohead'],['4Z8W4fKeB5YxbusRsdQVPb'],Pablo Honey,Pablo Honey,Pablo Honey,10,1,False,1993,1993-02-22,0.27,0.825,7,-10.255999999999998,1,0.0607,0.00985,0.308,0.118,0.273,106.147,253093,4.0
30C1FoJzEhNUILsxghioGz,Lurgee,Radiohead,['Radiohead'],['4Z8W4fKeB5YxbusRsdQVPb'],Pablo Honey,Pablo Honey,Pablo Honey,11,1,False,1993,1993-02-22,0.42,0.5479999999999999,0,-12.298,1,0.0268,0.000135,0.3989999999999999,0.111,0.409,101.888,187867,4.0
5XpcTQlNnfIQbiWE4hvYo7,Blow Out,Radiohead,['Radiohead'],['4Z8W4fKeB5YxbusRsdQVPb'],Pablo Honey,Pablo Honey,Pablo Honey,12,1,False,1993,1993-02-22,0.271,0.7190000000000001,11,-10.739,0,0.0553,0.000469,0.386,0.24,0.275,141.537,282067,4.0
37JISltgxizbDAyNEEqkTY,Planet Telex,Radiohead,['Radiohead'],['4Z8W4fKeB5YxbusRsdQVPb'],The Bends,The Bends,The Bends,1,1,False,1995,1995-03-13,0.429,0.8809999999999999,9,-8.013,0,0.107,0.0213,0.688,0.607,0.258,148.963,259200,3.0
7oDFvnqXkXuiZa1sACXobj,The Bends,Radiohead,['Radiohead'],['4Z8W4fKeB5YxbusRsdQVPb'],The Bends,The Bends,The Bends,2,1,False,1995,1995-03-13,0.23,0.755,7,-8.065,1,0.0658,0.0115,0.141,0.363,0.312,91.608,246200,4.0
2a1iMaoWQ5MnvLFBDv4qkf,High and Dry,Radiohead,['Radiohead'],['4Z8W4fKeB5YxbusRsdQVPb'],The Bends,The Bends,The Bends,3,1,False,1995,1995-03-13,0.419,0.3829999999999999,4,-11.782,1,0.0256,0.0724,0.0176,0.0896,0.35,87.568,257480,4.0
73CKjW3vsUXRpy3NnX4H7F,Fake Plastic Trees,Radiohead,['Radiohead'],['4Z8W4fKeB5YxbusRsdQVPb'],The Bends,The Bends,The Bends,4,1,False,1995,1995-03-13,0.4629999999999999,0.2289999999999999,2,-12.592,1,0.0297,0.1669999999999999,0.0997,0.2019999999999999,0.135,73.543,290707,4.0
76RAlQcfuQknnQFruYDj6Q,Bones,Radiohead,['Radiohead'],['4Z8W4fKeB5YxbusRsdQVPb'],The Bends,The Bends,The Bends,5,1,False,1995,1995-03-13,0.336,0.705,2,-8.283999999999999,1,0.0519,0.00154,0.606,0.168,0.419,101.473,189000,4.0
1tZcw7GtIqviL32bzaKdSo,(Nice Dream),Radiohead,['Radiohead'],['4Z8W4fKeB5YxbusRsdQVPb'],The Bends,The Bends,The Bends,6,1,False,1995,1995-03-13,0.263,0.5660000000000001,9,-11.075,1,0.0344,0.163,0.261,0.225,0.375,172.851,233227,3.0
1dyTcli07c77mtQK3ahUZR,Just,Radiohead,['Radiohead'],['4Z8W4fKeB5YxbusRsdQVPb'],The Bends,The Bends,The Bends,7,1,False,1995,1995-03-13,0.291,0.767,7,-6.912999999999999,0,0.0862,0.000401,0.012,0.0763,0.359,175.702,234800,4.0
0jyikFM0Umv0KlnrOEKtTG,My Iron Lung,Radiohead,['Radiohead'],['4Z8W4fKeB5YxbusRsdQVPb'],The Bends,The Bends,The Bends,8,1,False,1995,1995-03-13,0.242,0.8590000000000001,0,-8.41,1,0.0663,0.0565,0.114,0.38,0.672,96.917,276427,4.0
5XuU9htN358NTMCcqRvfDV,Bullet Proof ... I Wish I Was,Radiohead,['Radiohead'],['4Z8W4fKeB5YxbusRsdQVPb'],The Bends,The Bends,The Bends,9,1,False,1995,1995-03-13,0.45,0.359,7,-13.559,1,0.0289,0.7759999999999999,0.6759999999999999,0.0753,0.0776,80.915,208733,4.0
6UO72VSXEONxdfLyABihs9,Black Star,Radiohead,['Radiohead'],['4Z8W4fKeB5YxbusRsdQVPb'],The Bends,The Bends,The Bends,10,1,False,1995,1995-03-13,0.289,0.555,7,-7.434,1,0.0402,0.00312,0.0496,0.27,0.306,158.671,247040,4.0
1elQc2QcyuBkI8FUIbNvcy,Sulk,Radiohead,['Radiohead'],['4Z8W4fKeB5YxbusRsdQVPb'],The Bends,The Bends,The Bends,11,1,False,1995,1995-03-13,0.105,0.635,7,-7.4,1,0.0455,0.00403,0.24,0.106,0.6709999999999999,191.805,222960,3.0
2QwObYJWyJTiozvs0RI7CF,Street Spirit (Fade Out),Radiohead,['Radiohead'],['4Z8W4fKeB5YxbusRsdQVPb'],The Bends,The Bends,The Bends,12,1,False,1995,1995-03-13,0.488,0.4539999999999999,4,-11.544,0,0.0304,0.317,0.6940000000000001,0.179,0.131,138.076,253853,4.0
7c378mlmubSu7NGkLFa4sN,Airbag,Radiohead,['Radiohead'],['4Z8W4fKeB5YxbusRsdQVPb'],OK Computer,OK Computer,OK Computer,1,1,False,1997,1997-05-28,0.305,0.872,2,-7.313,1,0.0503,0.0078599999999999,0.8,0.261,0.648,167.959,287880,4.0
6LgJvl0Xdtc73RJ1mmpotq,Paranoid Android,Radiohead,['Radiohead'],['4Z8W4fKeB5YxbusRsdQVPb'],OK Computer,OK Computer,OK Computer,2,1,False,1997,1997-05-28,0.251,0.848,5,-6.501,1,0.0579,0.0377,0.00591,0.0545,0.207,163.709,387213,4.0
2CVV8PtUYYsux8XOzWkCP0,Subterranean Homesick Alien,Radiohead,['Radiohead'],['4Z8W4fKeB5YxbusRsdQVPb'],OK Computer,OK Computer,OK Computer,3,1,False,1997,1997-05-28,0.312,0.595,0,-8.919,1,0.0298,0.0484,0.00139,0.103,0.337,150.502,267693,3.0
0z1o5L7HJx562xZSATcIpY,Exit Music (For A Film),Radiohead,['Radiohead'],['4Z8W4fKeB5YxbusRsdQVPb'],OK Computer,OK Computer,OK Computer,4,1,False,1997,1997-05-28,0.293,0.276,4,-11.357,0,0.0349,0.2239999999999999,0.122,0.1669999999999999,0.195,121.603,267187,4.0
2fuYa3Lx06QQJAm0MjztKr,Let Down,Radiohead,['Radiohead'],['4Z8W4fKeB5YxbusRsdQVPb'],OK Computer,OK Computer,OK Computer,5,1,False,1997,1997-05-28,0.351,0.6759999999999999,9,-9.017,1,0.0313,0.000121,0.113,0.18,0.143,102.46,299560,4.0
63OQupATfueTdZMWTxW03A,Karma Police,Radiohead,['Radiohead'],['4Z8W4fKeB5YxbusRsdQVPb'],OK Computer,OK Computer,OK Computer,6,1,False,1997,1997-05-28,0.36,0.501,7,-9.129,1,0.0258,0.0638,9.32e-05,0.172,0.324,74.807,264067,4.0
6wnmRxEbwUK7WLyUtiRuT7,Fitter Happier,Radiohead,['Radiohead'],['4Z8W4fKeB5YxbusRsdQVPb'],OK Computer,OK Computer,OK Computer,7,1,False,1997,1997-05-28,0.4320000000000001,0.391,9,-14.99,1,0.242,0.813,0.0036299999999999,0.155,0.7440000000000001,123.538,117333,4.0
0gTRROuntlrPQ64W3J2Etv,Electioneering,Radiohead,['Radiohead'],['4Z8W4fKeB5YxbusRsdQVPb'],OK Computer,OK Computer,OK Computer,8,1,False,1997,1997-05-28,0.201,0.888,9,-5.4910000000000005,0,0.0707,0.00267,0.0981,0.291,0.3289999999999999,78.977,230627,4.0
2PDQReEXBViVwkrbQ34vd7,Climbing Up the Walls,Radiohead,['Radiohead'],['4Z8W4fKeB5YxbusRsdQVPb'],OK Computer,OK Computer,OK Computer,9,1,False,1997,1997-05-28,0.243,0.6559999999999999,11,-7.475,0,0.0409999999999999,0.0979,0.141,0.195,0.221,77.712,285200,4.0
10nyNJ6zNy2YVYLrcwLccB,No Surprises,Radiohead,['Radiohead'],['4Z8W4fKeB5YxbusRsdQVPb'],OK Computer,OK Computer,OK Computer,10,1,False,1997,1997-05-28,0.255,0.3929999999999999,5,-10.654000000000002,1,0.0278,0.0577,0.00361,0.113,0.118,76.426,229120,4.0
14xj58ZexBaEaHARb11Cqs,Lucky,Radiohead,['Radiohead'],['4Z8W4fKeB5YxbusRsdQVPb'],OK Computer,OK Computer,OK Computer,11,1,False,1997,1997-05-28,0.213,0.4,11,-9.813,0,0.0324,0.053,0.612,0.111,0.195,133.369,258813,4.0
1UuaWKypSkIHxFZD03zw4m,The Tourist,Radiohead,['Radiohead'],['4Z8W4fKeB5YxbusRsdQVPb'],OK Computer,OK Computer,OK Computer,12,1,False,1997,1997-05-28,0.241,0.295,4,-8.57,1,0.0318,0.223,0.0319,0.11,0.0398,114.347,326533,5.0
2kRFrWaLWiKq48YYVdGcm8,Everything In Its Right Place,Radiohead,['Radiohead'],['4Z8W4fKeB5YxbusRsdQVPb'],Kid A,Kid A,Kid A,1,1,False,2000,2000-10-02,0.296,0.4629999999999999,5,-11.412,0,0.0449,0.705,0.0482,0.0954,0.0629,123.943,251427,5.0
3QDahKSqLwYJYQRbILdzS6,Kid A,Radiohead,['Radiohead'],['4Z8W4fKeB5YxbusRsdQVPb'],Kid A,Kid A,Kid A,2,1,False,2000,2000-10-02,0.63,0.428,5,-15.52,1,0.0358,0.262,0.852,0.278,0.159,112.923,284507,4.0
4Wgj6jzoI2gYlumXdYAB8U,The National Anthem,Radiohead,['Radiohead'],['4Z8W4fKeB5YxbusRsdQVPb'],Kid A,Kid A,Kid A,3,1,False,2000,2000-10-02,0.488,0.754,2,-8.552,1,0.0378,0.00237,0.851,0.2239999999999999,0.3879999999999999,91.517,351693,4.0
2rtGaCAeYtmcIvuZsvgTf6,How to Disappear Completely,Radiohead,['Radiohead'],['4Z8W4fKeB5YxbusRsdQVPb'],Kid A,Kid A,Kid A,4,1,False,2000,2000-10-02,0.1669999999999999,0.302,6,-11.644,0,0.0345,0.316,0.797,0.11,0.19,102.026,356333,4.0
4LrfsgQ5AGouvH3PlxW2PC,Treefingers,Radiohead,['Radiohead'],['4Z8W4fKeB5YxbusRsdQVPb'],Kid A,Kid A,Kid A,5,1,False,2000,2000-10-02,0.165,0.146,6,-21.357,1,0.0362,0.8270000000000001,0.887,0.109,0.0577,134.50799999999998,222600,3.0
1FoUsSi9BCTlNt2Vd7V8XA,Optimistic,Radiohead,['Radiohead'],['4Z8W4fKeB5YxbusRsdQVPb'],Kid A,Kid A,Kid A,6,1,False,2000,2000-10-02,0.402,0.757,7,-9.931,0,0.0371,0.0496,0.846,0.305,0.573,157.96,315973,4.0
0xivCtzVVrdeq32s8EnOO6,In Limbo,Radiohead,['Radiohead'],['4Z8W4fKeB5YxbusRsdQVPb'],Kid A,Kid A,Kid A,7,1,False,2000,2000-10-02,0.366,0.635,0,-10.544,1,0.032,0.675,0.8190000000000001,0.135,0.509,88.949,211000,4.0
1W5XugQJGhnSATMI5n002M,Idioteque,Radiohead,['Radiohead'],['4Z8W4fKeB5YxbusRsdQVPb'],Kid A,Kid A,Kid A,8,1,False,2000,2000-10-02,0.615,0.931,3,-7.8,1,0.273,0.0352,2.23e-05,0.0915,0.525,137.54399999999998,309093,3.0
4h37RgtBg9iynN3BIL5lFU,Morning Bell,Radiohead,['Radiohead'],['4Z8W4fKeB5YxbusRsdQVPb'],Kid A,Kid A,Kid A,9,1,False,2000,2000-10-02,0.6459999999999999,0.462,2,-12.124,1,0.0319,0.7190000000000001,0.291,0.34,0.392,142.13299999999995,275800,5.0
4SrRrB27n7fiRkQcPoKfpk,Motion Picture Soundtrack,Radiohead,['Radiohead'],['4Z8W4fKeB5YxbusRsdQVPb'],Kid A,Kid A,Kid A,10,1,False,2000,2000-10-02,0.1119999999999999,0.13,7,-16.128,1,0.0347,0.921,0.706,0.13,0.0427,90.835,200483,4.0
4aeCuOowYXJXrMZsVHZbfF,Untitled,Radiohead,['Radiohead'],['4Z8W4fKeB5YxbusRsdQVPb'],Kid A,Kid A,Kid A,11,1,False,2000,2000-10-02,0.369,0.225,7,-16.340999999999998,1,0.0654,0.992,0.813,0.106,0.0769,64.655,52695,3.0
0tDn82XkoueVV5q9G7OUAv,Packt Like Sardines In a Crushd Tin Box,Radiohead,['Radiohead'],['4Z8W4fKeB5YxbusRsdQVPb'],Amnesiac,Amnesiac,Amnesiac,1,1,False,2001,2001-03-12,0.6659999999999999,0.638,0,-12.715,1,0.0385,0.731,0.8590000000000001,0.0933,0.65,124.618,240333,4.0
55q3Ro66yXWi9rsEddeEN4,Pyramid Song,Radiohead,['Radiohead'],['4Z8W4fKeB5YxbusRsdQVPb'],Amnesiac,Amnesiac,Amnesiac,2,1,False,2001,2001-03-12,0.12,0.336,11,-8.298,0,0.0352,0.7859999999999999,0.4039999999999999,0.111,0.0679,72.64,288733,4.0
6AIq6WIkWBoRUb6kTVY8yU,Pulk/Pull Revolving Doors,Radiohead,['Radiohead'],['4Z8W4fKeB5YxbusRsdQVPb'],Amnesiac,Amnesiac,Amnesiac,3,1,False,2001,2001-03-12,0.58,0.625,10,-12.073,0,0.0896,5.460000000000001e-05,0.725,0.1,0.141,97.044,247267,4.0
7Hg6a7tZsVTkXnBUepjZU6,You And Whose Army?,Radiohead,['Radiohead'],['4Z8W4fKeB5YxbusRsdQVPb'],Amnesiac,Amnesiac,Amnesiac,4,1,False,2001,2001-03-12,0.295,0.15,1,-10.244000000000002,0,0.0325,0.794,0.205,0.103,0.131,137.504,191000,4.0
5JZ1jTanqLWVuThmZ6XRAc,I Might Be Wrong,Radiohead,['Radiohead'],['4Z8W4fKeB5YxbusRsdQVPb'],Amnesiac,Amnesiac,Amnesiac,5,1,False,2001,2001-03-12,0.602,0.735,7,-8.321,0,0.0254,0.261,0.794,0.11,0.505,102.895,293773,4.0
521OhfIeThXJKiTyz0m883,Knives Out,Radiohead,['Radiohead'],['4Z8W4fKeB5YxbusRsdQVPb'],Amnesiac,Amnesiac,Amnesiac,6,1,False,2001,2001-03-12,0.4320000000000001,0.675,2,-6.702000000000001,0,0.0337,0.091,0.287,0.159,0.184,137.262,254867,4.0
09rXQjOX61UGL36z76q8OS,Morning Bell/Amnesiac,Radiohead,['Radiohead'],['4Z8W4fKeB5YxbusRsdQVPb'],Amnesiac,Amnesiac,Amnesiac,7,1,False,2001,2001-03-12,0.319,0.421,2,-6.23,1,0.0322,0.7120000000000001,0.0495,0.0956,0.182,61.709,194267,4.0
0kSDNLOdJqpGhV2vtVFWmS,Dollars and Cents,Radiohead,['Radiohead'],['4Z8W4fKeB5YxbusRsdQVPb'],Amnesiac,Amnesiac,Amnesiac,8,1,False,2001,2001-03-12,0.327,0.565,7,-7.303,1,0.0306,0.395,0.247,0.1119999999999999,0.0883,138.308,291733,4.0
3LpAIBGaRKXqgDzEV25Bh7,Hunting Bears,Radiohead,['Radiohead'],['4Z8W4fKeB5YxbusRsdQVPb'],Amnesiac,Amnesiac,Amnesiac,9,1,False,2001,2001-03-12,0.295,0.264,7,-12.203,1,0.0432,0.853,0.926,0.0962,0.0736,143.191,121200,3.0
1irS6wtXCUUF5ytfPqOzpM,Like Spinning Plates,Radiohead,['Radiohead'],['4Z8W4fKeB5YxbusRsdQVPb'],Amnesiac,Amnesiac,Amnesiac,10,1,False,2001,2001-03-12,0.4920000000000001,0.409,1,-13.303,0,0.0646,0.711,0.906,0.23,0.218,138.472,237467,4.0
5xJc58mBWz68WhwU2n5seR,Life In a Glasshouse,Radiohead,['Radiohead'],['4Z8W4fKeB5YxbusRsdQVPb'],Amnesiac,Amnesiac,Amnesiac,11,1,False,2001,2001-03-12,0.252,0.397,7,-7.619,0,0.0364,0.728,0.0404,0.1159999999999999,0.0466,123.924,276693,4.0
4xkcGfpM9RwB4IiQ7yx2dB,2 + 2 = 5,Radiohead,['Radiohead'],['4Z8W4fKeB5YxbusRsdQVPb'],Hail To the Thief,Hail To the Thief,Hail to the Thief,1,1,False,2003,2003-06-09,0.442,0.7170000000000001,5,-5.4979999999999976,0,0.0504,0.178,5.1e-05,0.344,0.386,149.582,199360,4.0
6MKWCO8g2W05UcaFyfQ6Cl,Sit Down. Stand Up,Radiohead,['Radiohead'],['4Z8W4fKeB5YxbusRsdQVPb'],Hail To the Thief,Hail To the Thief,Hail to the Thief,2,1,False,2003,2003-06-09,0.484,0.5589999999999999,5,-7.434,0,0.0401,0.0161,0.502,0.0562,0.522,161.055,259973,4.0
7tFsUfrmyBvLdvIByreecz,Sail To The Moon,Radiohead,['Radiohead'],['4Z8W4fKeB5YxbusRsdQVPb'],Hail To the Thief,Hail To the Thief,Hail to the Thief,3,1,False,2003,2003-06-09,0.371,0.295,9,-10.952,0,0.0315,0.797,0.552,0.0977,0.0536,111.914,258360,4.0
32dgxT0S7Tv5p83DgT6iCT,Backdrifts,Radiohead,['Radiohead'],['4Z8W4fKeB5YxbusRsdQVPb'],Hail To the Thief,Hail To the Thief,Hail to the Thief,4,1,False,2003,2003-06-09,0.718,0.7190000000000001,11,-10.059,1,0.0789,0.6459999999999999,0.297,0.108,0.725,93.065,322600,4.0
42BeMThJuzIQe1oQvhDwgl,Go To Sleep,Radiohead,['Radiohead'],['4Z8W4fKeB5YxbusRsdQVPb'],Hail To the Thief,Hail To the Thief,Hail to the Thief,5,1,False,2003,2003-06-09,0.288,0.86,2,-6.311,0,0.0393,0.103,0.000399,0.102,0.66,161.196,201507,4.0
2dDqsUr11Mv0qhXByNfbJx,Where I End and You Begin,Radiohead,['Radiohead'],['4Z8W4fKeB5YxbusRsdQVPb'],Hail To the Thief,Hail To the Thief,Hail to the Thief,6,1,False,2003,2003-06-09,0.298,0.713,8,-7.8610000000000015,1,0.0352,0.0627,0.8590000000000001,0.142,0.48,121.309,269293,4.0
0dco6ZSO8vnL2fHRi10XSY,We Suck Young Blood,Radiohead,['Radiohead'],['4Z8W4fKeB5YxbusRsdQVPb'],Hail To the Thief,Hail To the Thief,Hail to the Thief,7,1,False,2003,2003-06-09,0.1639999999999999,0.239,3,-11.075,0,0.0304,0.878,0.0292,0.105,0.0378,76.72,296707,4.0
3qhLTNphwAepIyHJF9ZMv0,The Gloaming,Radiohead,['Radiohead'],['4Z8W4fKeB5YxbusRsdQVPb'],Hail To the Thief,Hail To the Thief,Hail to the Thief,8,1,False,2003,2003-06-09,0.345,0.609,4,-13.37,0,0.3429999999999999,0.106,0.1009999999999999,0.382,0.115,200.127,212027,3.0
5h4y42RUKwYKYWgutNwvKP,"There, There",Radiohead,['Radiohead'],['4Z8W4fKeB5YxbusRsdQVPb'],Hail To the Thief,Hail To the Thief,Hail to the Thief,9,1,False,2003,2003-06-09,0.614,0.677,9,-8.317,0,0.0323,0.0193,0.52,0.108,0.716,126.482,323600,4.0
6GMGuW9ne8D3CvjkJoKJeg,I Will,Radiohead,['Radiohead'],['4Z8W4fKeB5YxbusRsdQVPb'],Hail To the Thief,Hail To the Thief,Hail to the Thief,10,1,False,2003,2003-06-09,0.27,0.133,1,-14.06,0,0.0329,0.946,0.000131,0.113,0.1669999999999999,74.908,119467,4.0
5kDi4uwQnHM920ElxNdzUO,A Punch Up at a Wedding,Radiohead,['Radiohead'],['4Z8W4fKeB5YxbusRsdQVPb'],Hail To the Thief,Hail To the Thief,Hail to the Thief,11,1,True,2003,2003-06-09,0.604,0.507,11,-9.967,0,0.0268,0.0776,0.054,0.0919,0.562,79.039,297333,4.0
3MW7yZK3kKtjsmJpsvBwyf,Myxomatosis,Radiohead,['Radiohead'],['4Z8W4fKeB5YxbusRsdQVPb'],Hail To the Thief,Hail To the Thief,Hail to the Thief,12,1,True,2003,2003-06-09,0.498,0.816,7,-7.079,1,0.0361,0.00018,0.7190000000000001,0.299,0.5710000000000001,99.124,232533,4.0
0mEOPRobXw671f2H68XzoB,Scatterbrain,Radiohead,['Radiohead'],['4Z8W4fKeB5YxbusRsdQVPb'],Hail To the Thief,Hail To the Thief,Hail to the Thief,13,1,False,2003,2003-06-09,0.491,0.753,7,-8.62,1,0.0314,0.0316,0.0587,0.0617,0.2339999999999999,126.142,201707,4.0
3OHevW2cUT176DXWV0lHg9,A Wolf At the Door,Radiohead,['Radiohead'],['4Z8W4fKeB5YxbusRsdQVPb'],Hail To the Thief,Hail To the Thief,Hail to the Thief,14,1,True,2003,2003-06-09,0.423,0.675,7,-7.1339999999999995,1,0.0303,0.265,4.21e-06,0.235,0.364,69.27,201333,3.0
4oXg7xT4ksBxHTx8PcmSXw,15 Step,Radiohead,['Radiohead'],['4Z8W4fKeB5YxbusRsdQVPb'],In Rainbows,In Rainbows,In Rainbows,1,1,False,2007,2007-12-28,0.598,0.8540000000000001,1,-7.584,1,0.0422,0.0477,0.3379999999999999,0.0934,0.8440000000000001,94.458,237293,4.0
49oVFSbl8QdRAXktelJZWC,MK 1,Radiohead,['Radiohead'],['4Z8W4fKeB5YxbusRsdQVPb'],In Rainbows (Disk 2),In Rainbows,In Rainbows,1,1,False,2007,2007,0.225,0.0977,1,-27.007,0,0.0343,0.99,0.988,0.0929,0.0397,80.166,62930,4.0
4pWIwnnqx8k01fuF95UMIg,Bodysnatchers,Radiohead,['Radiohead'],['4Z8W4fKeB5YxbusRsdQVPb'],In Rainbows,In Rainbows,In Rainbows,2,1,False,2007,2007-12-28,0.342,0.976,2,-4.9860000000000015,1,0.0573,0.00443,0.0175,0.0974,0.733,166.66299999999995,242293,4.0
4Nckr2LBLkgNOdMadwNAxc,Down Is The New Up,Radiohead,['Radiohead'],['4Z8W4fKeB5YxbusRsdQVPb'],In Rainbows (Disk 2),In Rainbows,In Rainbows,2,1,False,2007,2007,0.532,0.845,4,-6.9670000000000005,0,0.0433,0.128,0.289,0.119,0.124,104.808,299283,4.0
6yiSyupeI7KYdBZKJdnIUO,Go Slowly,Radiohead,['Radiohead'],['4Z8W4fKeB5YxbusRsdQVPb'],In Rainbows (Disk 2),In Rainbows,In Rainbows,3,1,False,2007,2007,0.441,0.3929999999999999,11,-8.556000000000001,0,0.0307,0.883,0.7959999999999999,0.131,0.0446,108.213,228236,4.0
35YyxFpE0ZTOoqFx5bADW8,Nude,Radiohead,['Radiohead'],['4Z8W4fKeB5YxbusRsdQVPb'],In Rainbows,In Rainbows,In Rainbows,3,1,False,2007,2007-12-28,0.516,0.342,4,-9.785,1,0.0342,0.8320000000000001,0.579,0.0857,0.1669999999999999,128.378,255387,3.0
6Z467S228pBaUaAaMMBIHl,MK 2,Radiohead,['Radiohead'],['4Z8W4fKeB5YxbusRsdQVPb'],In Rainbows (Disk 2),In Rainbows,In Rainbows,4,1,False,2007,2007,0.256,0.263,2,-15.292,0,0.0573,0.995,0.97,0.0971,0.039,132.092,53004,3.0
4wajJ1o7jWIg62YqpkHC7S,Weird Fishes/ Arpeggi,Radiohead,['Radiohead'],['4Z8W4fKeB5YxbusRsdQVPb'],In Rainbows,In Rainbows,In Rainbows,4,1,False,2007,2007-12-28,0.531,0.61,11,-8.025,0,0.0387,0.772,0.7559999999999999,0.0908,0.1989999999999999,152.958,318187,4.0
5Qv2Nby1xTr9pQyjkrc94J,All I Need,Radiohead,['Radiohead'],['4Z8W4fKeB5YxbusRsdQVPb'],In Rainbows,In Rainbows,In Rainbows,5,1,False,2007,2007-12-28,0.67,0.478,4,-8.689,0,0.0355,0.531,0.428,0.138,0.0997,88.014,228747,4.0
1mM2u5TRMdUKsIfZKEI6yJ,Last Flowers,Radiohead,['Radiohead'],['4Z8W4fKeB5YxbusRsdQVPb'],In Rainbows (Disk 2),In Rainbows,In Rainbows,5,1,False,2007,2007,0.555,0.307,0,-8.236,1,0.0295,0.92,0.000769,0.1119999999999999,0.286,75.727,266478,4.0
15irEKZ9D6FQqLoZ1qJ1Cx,Faust Arp,Radiohead,['Radiohead'],['4Z8W4fKeB5YxbusRsdQVPb'],In Rainbows,In Rainbows,In Rainbows,6,1,False,2007,2007-12-28,0.337,0.288,9,-13.477,0,0.0321,0.84,0.1989999999999999,0.0964,0.225,105.036,129680,4.0
5MjwOoU9YISfMujFrjEwxu,Up On The Ladder,Radiohead,['Radiohead'],['4Z8W4fKeB5YxbusRsdQVPb'],In Rainbows (Disk 2),In Rainbows,In Rainbows,6,1,True,2007,2007,0.4589999999999999,0.617,5,-7.567,0,0.0285,0.00403,0.5720000000000001,0.633,0.135,91.463,257170,4.0
0Hnik88ryug02UaEOTiXrE,Bangers + Mash,Radiohead,['Radiohead'],['4Z8W4fKeB5YxbusRsdQVPb'],In Rainbows (Disk 2),In Rainbows,In Rainbows,7,1,False,2007,2007,0.637,0.98,9,-4.981,0,0.115,0.0303,0.000913,0.601,0.65,135.993,199502,4.0
02ppMPbg1OtEdHgoPqoqju,Reckoner,Radiohead,['Radiohead'],['4Z8W4fKeB5YxbusRsdQVPb'],In Rainbows,In Rainbows,In Rainbows,7,1,False,2007,2007-12-28,0.523,0.6559999999999999,4,-7.441,0,0.0262,0.511,0.16,0.0679,0.214,104.271,290213,4.0
3HPLfZhQUds6N6tZ4WiApn,4 Minute Warning,Radiohead,['Radiohead'],['4Z8W4fKeB5YxbusRsdQVPb'],In Rainbows (Disk 2),In Rainbows,In Rainbows,8,1,False,2007,2007,0.532,0.303,9,-13.076,1,0.0311,0.5870000000000001,0.0657,0.111,0.225,124.157,244285,4.0
48X4D1FYOShPz2VF3YdfCF,House Of Cards,Radiohead,['Radiohead'],['4Z8W4fKeB5YxbusRsdQVPb'],In Rainbows,In Rainbows,In Rainbows,8,1,False,2007,2007-12-28,0.708,0.499,5,-9.644,1,0.0297,0.2689999999999999,0.57,0.1009999999999999,0.628,111.652,328293,4.0
0YJ9FWWHn9EfnN0lHwbzvV,Jigsaw Falling Into Place,Radiohead,['Radiohead'],['4Z8W4fKeB5YxbusRsdQVPb'],In Rainbows,In Rainbows,In Rainbows,9,1,False,2007,2007-12-28,0.462,0.8320000000000001,11,-6.085,0,0.0479,0.108,0.00416,0.0741,0.807,165.653,248893,4.0
4T1iiabe7G0UjWQJCY6NE2,Videotape,Radiohead,['Radiohead'],['4Z8W4fKeB5YxbusRsdQVPb'],In Rainbows,In Rainbows,In Rainbows,10,1,False,2007,2007-12-28,0.596,0.3829999999999999,1,-11.194,0,0.0324,0.6940000000000001,0.8079999999999999,0.0889,0.0506,77.423,279634,4.0
2HO0MwfNYxJa2zwo6vrQMT,Bloom,Radiohead,['Radiohead'],['4Z8W4fKeB5YxbusRsdQVPb'],The King Of Limbs,The King Of Limbs,The King of Limbs,1,1,False,2011,2011-02-18,0.519,0.959,0,-7.596,0,0.157,0.619,0.8859999999999999,0.0831,0.341,149.72899999999996,313671,4.0
0LP2TRYiYtwpV9qbvedm3Y,Morning Mr Magpie,Radiohead,['Radiohead'],['4Z8W4fKeB5YxbusRsdQVPb'],The King Of Limbs,The King Of Limbs,The King of Limbs,2,1,False,2011,2011-02-18,0.648,0.5870000000000001,5,-10.993,1,0.052,0.42,0.8390000000000001,0.141,0.402,70.124,280719,4.0
1R5qCDSE1XEiSDMkA0LAhf,Little By Little,Radiohead,['Radiohead'],['4Z8W4fKeB5YxbusRsdQVPb'],The King Of Limbs,The King Of Limbs,The King of Limbs,3,1,False,2011,2011-02-18,0.618,0.887,4,-8.423,0,0.0376,0.4270000000000001,0.415,0.213,0.603,115.623,267154,4.0
7pEP2RXIZNXaI24enG8cyL,Feral,Radiohead,['Radiohead'],['4Z8W4fKeB5YxbusRsdQVPb'],The King Of Limbs,The King Of Limbs,The King of Limbs,4,1,False,2011,2011-02-18,0.49,0.777,7,-11.521,1,0.0974,0.00101,0.897,0.0896,0.7290000000000001,135.991,192743,4.0
2QeutlLcJf2V1cMUUsDFT1,Lotus Flower,Radiohead,['Radiohead'],['4Z8W4fKeB5YxbusRsdQVPb'],The King Of Limbs,The King Of Limbs,The King of Limbs,5,1,False,2011,2011-02-18,0.721,0.6759999999999999,2,-8.78,0,0.032,0.0899,0.3339999999999999,0.0826,0.62,127.99,300219,4.0
6ttYF5VadzTssGV2i1Q08T,Codex,Radiohead,['Radiohead'],['4Z8W4fKeB5YxbusRsdQVPb'],The King Of Limbs,The King Of Limbs,The King of Limbs,6,1,False,2011,2011-02-18,0.346,0.128,2,-17.535999999999998,0,0.0303,0.841,0.76,0.13,0.0654,58.996,287067,4.0
05NZMYuLR71Z3qrZOUiUm2,Give Up The Ghost,Radiohead,['Radiohead'],['4Z8W4fKeB5YxbusRsdQVPb'],The King Of Limbs,The King Of Limbs,The King of Limbs,7,1,False,2011,2011-02-18,0.305,0.262,7,-12.278,1,0.0297,0.8859999999999999,0.0781,0.19,0.157,77.061,290067,4.0
2fV57qob1dYMJKEfTwHOt1,Separator,Radiohead,['Radiohead'],['4Z8W4fKeB5YxbusRsdQVPb'],The King Of Limbs,The King Of Limbs,The King of Limbs,8,1,False,2011,2011-02-18,0.6940000000000001,0.7759999999999999,3,-9.803,1,0.0557,0.039,0.741,0.0884,0.631,113.804,319249,4.0
3DpuYpzkvUWXbmzCm6pfzR,Burn the Witch,Radiohead,['Radiohead'],['4Z8W4fKeB5YxbusRsdQVPb'],A Moon Shaped Pool,A Moon Shaped Pool,A Moon Shaped Pool,1,1,False,2016,2016-05-08,0.54,0.847,11,-6.52,1,0.0297,0.303,0.272,0.109,0.62,148.936,220609,4.0
1Rd5OVjqDAr5xC96MHt448,Daydreaming,Radiohead,['Radiohead'],['4Z8W4fKeB5YxbusRsdQVPb'],A Moon Shaped Pool,A Moon Shaped Pool,A Moon Shaped Pool,2,1,False,2016,2016-05-08,0.214,0.263,9,-13.207,0,0.0336,0.968,0.853,0.126,0.113,137.561,384439,3.0
4mRSbPLnOm54ttkTYvxxSY,Decks Dark,Radiohead,['Radiohead'],['4Z8W4fKeB5YxbusRsdQVPb'],A Moon Shaped Pool,A Moon Shaped Pool,A Moon Shaped Pool,3,1,False,2016,2016-05-08,0.557,0.501,2,-10.827,0,0.0269,0.6659999999999999,0.8370000000000001,0.1169999999999999,0.271,139.149,281011,4.0
0eLVt8CGVdNnyMcfP38kDi,Desert Island Disk,Radiohead,['Radiohead'],['4Z8W4fKeB5YxbusRsdQVPb'],A Moon Shaped Pool,A Moon Shaped Pool,A Moon Shaped Pool,4,1,False,2016,2016-05-08,0.56,0.282,0,-13.241,1,0.0287,0.868,0.529,0.11,0.158,112.009,224698,1.0
6nOsTV3cMjLh3k6Wpk468L,Ful Stop,Radiohead,['Radiohead'],['4Z8W4fKeB5YxbusRsdQVPb'],A Moon Shaped Pool,A Moon Shaped Pool,A Moon Shaped Pool,5,1,False,2016,2016-05-08,0.425,0.662,0,-9.877,1,0.0502,0.352,0.941,0.619,0.178,151.18200000000004,367349,3.0
0uOeAmfdyaekD2RIGwCDwq,Glass Eyes,Radiohead,['Radiohead'],['4Z8W4fKeB5YxbusRsdQVPb'],A Moon Shaped Pool,A Moon Shaped Pool,A Moon Shaped Pool,6,1,False,2016,2016-05-08,0.237,0.11,8,-15.720999999999998,1,0.0358,0.955,0.557,0.138,0.0632,114.436,172936,4.0
135WMJorhiGvPe50XF54D9,Identikit,Radiohead,['Radiohead'],['4Z8W4fKeB5YxbusRsdQVPb'],A Moon Shaped Pool,A Moon Shaped Pool,A Moon Shaped Pool,7,1,False,2016,2016-05-08,0.6920000000000001,0.4589999999999999,11,-9.461,0,0.0403,0.0632,0.512,0.136,0.35,150.695,266644,4.0
1GnFQL9XnxrXFloKm1yjuW,The Numbers,Radiohead,['Radiohead'],['4Z8W4fKeB5YxbusRsdQVPb'],A Moon Shaped Pool,A Moon Shaped Pool,A Moon Shaped Pool,8,1,False,2016,2016-05-08,0.282,0.3720000000000001,5,-9.77,1,0.0315,0.6509999999999999,0.409,0.0755,0.0551,105.271,345887,3.0
7KHQtpLpoIV3Wfu22YQT8y,Present Tense,Radiohead,['Radiohead'],['4Z8W4fKeB5YxbusRsdQVPb'],A Moon Shaped Pool,A Moon Shaped Pool,A Moon Shaped Pool,9,1,False,2016,2016-05-08,0.462,0.407,1,-12.428,0,0.0345,0.912,0.3989999999999999,0.11,0.336,91.915,306581,4.0
3YQVYTkonczhXyj31HH4AK,Tinker Tailor Soldier Sailor Rich Man Poor Man Beggar Man Thief,Radiohead,['Radiohead'],['4Z8W4fKeB5YxbusRsdQVPb'],A Moon Shaped Pool,A Moon Shaped Pool,A Moon Shaped Pool,10,1,False,2016,2016-05-08,0.355,0.436,11,-10.944,1,0.0302,0.73,0.7979999999999999,0.106,0.0508,90.388,303689,4.0
07XaOyTS5hyaWiUK1Bc3bR,True Love Waits,Radiohead,['Radiohead'],['4Z8W4fKeB5YxbusRsdQVPb'],A Moon Shaped Pool,A Moon Shaped Pool,A Moon Shaped Pool,11,1,False,2016,2016-05-08,0.401,0.132,0,-15.569,1,0.0355,0.938,0.102,0.1,0.0381,136.142,283464,4.0
6ZU9RJIZ0fNaFuQM57bDIA,Bombtrack,Rage Against The Machine,['Rage Against The Machine'],['2d0hyoQ5ynDBnkvAbJKORj'],Rage Against The Machine,Rage Against The Machine,Rage Against the Machine,1,1,True,1992,1992-11-03,0.478,0.855,4,-7.438,0,0.121,0.0134,3.18e-05,0.179,0.6679999999999999,151.93,243760,4.0
3FUS56gKr9mVBmzvlnodlh,Killing In the Name,Rage Against The Machine,['Rage Against The Machine'],['2d0hyoQ5ynDBnkvAbJKORj'],Rage Against The Machine,Rage Against The Machine,Rage Against the Machine,2,1,True,1992,1992-11-03,0.457,0.779,7,-6.3229999999999995,1,0.257,0.0185,2.04e-06,0.0247,0.7340000000000001,86.573,313667,4.0
3tTL7jlSkowXidYeafFtwG,Take the Power Back,Rage Against The Machine,['Rage Against The Machine'],['2d0hyoQ5ynDBnkvAbJKORj'],Rage Against The Machine,Rage Against The Machine,Rage Against the Machine,3,1,True,1992,1992-11-03,0.542,0.8420000000000001,1,-7.1370000000000005,1,0.173,0.043,0.000153,0.173,0.301,104.772,335840,4.0
2vuDdXqekkDCSdawJyUpT6,Settle for Nothing,Rage Against The Machine,['Rage Against The Machine'],['2d0hyoQ5ynDBnkvAbJKORj'],Rage Against The Machine,Rage Against The Machine,Rage Against the Machine,4,1,False,1992,1992-11-03,0.516,0.5329999999999999,7,-9.563,1,0.0429,0.0253,4.71e-05,0.113,0.29,97.732,287333,4.0
11cxKUEgnVAlesUKt4e3br,Bullet In the Head,Rage Against The Machine,['Rage Against The Machine'],['2d0hyoQ5ynDBnkvAbJKORj'],Rage Against The Machine,Rage Against The Machine,Rage Against the Machine,5,1,True,1992,1992-11-03,0.418,0.8059999999999999,4,-6.965,1,0.128,0.0032,0.000788,0.623,0.447,164.202,307067,4.0
1IDAJagxB9AQjjYXaiDK1j,Know Your Enemy,Rage Against The Machine,['Rage Against The Machine'],['2d0hyoQ5ynDBnkvAbJKORj'],Rage Against The Machine,Rage Against The Machine,Rage Against the Machine,6,1,True,1992,1992-11-03,0.574,0.765,4,-7.755,1,0.128,0.0141,0.0037799999999999,0.136,0.613,117.636,294693,4.0
6zbHSDJjgrNdfIxPyGfPBt,Wake Up,Rage Against The Machine,['Rage Against The Machine'],['2d0hyoQ5ynDBnkvAbJKORj'],Rage Against The Machine,Rage Against The Machine,Rage Against the Machine,7,1,False,1992,1992-11-03,0.411,0.823,7,-7.5539999999999985,1,0.115,0.00316,0.0148,0.149,0.573,170.28099999999995,364133,4.0
3YEk8mVdMI7rxtfimlUd1G,Fistful of Steel,Rage Against The Machine,['Rage Against The Machine'],['2d0hyoQ5ynDBnkvAbJKORj'],Rage Against The Machine,Rage Against The Machine,Rage Against the Machine,8,1,False,1992,1992-11-03,0.52,0.755,4,-9.031,0,0.134,0.0195,0.34,0.0956,0.608,155.513,331107,4.0
0WK0EqiidP6WEDOHK34HEe,Township Rebellion,Rage Against The Machine,['Rage Against The Machine'],['2d0hyoQ5ynDBnkvAbJKORj'],Rage Against The Machine,Rage Against The Machine,Rage Against the Machine,9,1,True,1992,1992-11-03,0.525,0.597,2,-8.578,1,0.0551,0.00747,0.0055299999999999,0.351,0.47,133.58,324427,4.0
1zVE9JBBy8j0KmlbM8Xwhi,Freedom,Rage Against The Machine,['Rage Against The Machine'],['2d0hyoQ5ynDBnkvAbJKORj'],Rage Against The Machine,Rage Against The Machine,Rage Against the Machine,10,1,False,1992,1992-11-03,0.499,0.613,7,-8.53,1,0.0953,0.00061,0.0225,0.2319999999999999,0.531,113.577,366267,4.0
3QjQp2bfAvLTCSi8Zhzqis,People of the Sun,Rage Against The Machine,['Rage Against The Machine'],['2d0hyoQ5ynDBnkvAbJKORj'],Evil Empire,Evil Empire,Evil Empire,1,1,True,1996,1996-04-16,0.53,0.871,7,-6.3610000000000015,1,0.302,0.00407,0.0207,0.272,0.706,93.046,150067,4.0
0tZ3mElWcr74OOhKEiNz1x,Bulls On Parade,Rage Against The Machine,['Rage Against The Machine'],['2d0hyoQ5ynDBnkvAbJKORj'],Evil Empire,Evil Empire,Evil Empire,2,1,True,1996,1996-04-16,0.412,0.919,5,-7.291,1,0.184,0.0124,0.0601,0.424,0.5720000000000001,166.36700000000005,229467,4.0
1lCC3flXDsXQrNPcvDojuI,Vietnow,Rage Against The Machine,['Rage Against The Machine'],['2d0hyoQ5ynDBnkvAbJKORj'],Evil Empire,Evil Empire,Evil Empire,3,1,True,1996,1996-04-16,0.654,0.77,11,-6.443,0,0.106,0.0102,0.00827,0.35,0.6679999999999999,107.781,277333,4.0
655gNlXQ7zb9jPrTuqJ4mf,Revolver,Rage Against The Machine,['Rage Against The Machine'],['2d0hyoQ5ynDBnkvAbJKORj'],Evil Empire,Evil Empire,Evil Empire,4,1,True,1996,1996-04-16,0.35,0.792,7,-8.214,1,0.0951,0.0087599999999999,0.0249,0.0661,0.156,138.38,327947,4.0
5Ty1B6gHqh0joQx6ChbxiH,Snakecharmer,Rage Against The Machine,['Rage Against The Machine'],['2d0hyoQ5ynDBnkvAbJKORj'],Evil Empire,Evil Empire,Evil Empire,5,1,True,1996,1996-04-16,0.5529999999999999,0.883,7,-7.302,1,0.0618,0.00732,0.0488,0.0599,0.4629999999999999,136.711,235400,4.0
22AYE62irnblz8OMUzz6Qi,Tire Me,Rage Against The Machine,['Rage Against The Machine'],['2d0hyoQ5ynDBnkvAbJKORj'],Evil Empire,Evil Empire,Evil Empire,6,1,True,1996,1996-04-16,0.282,0.8690000000000001,2,-8.32,1,0.0833,0.000799,0.0668,0.514,0.281,164.38,177733,4.0
40L8L7344pPMCjlZc19RQU,Down Rodeo,Rage Against The Machine,['Rage Against The Machine'],['2d0hyoQ5ynDBnkvAbJKORj'],Evil Empire,Evil Empire,Evil Empire,7,1,True,1996,1996-04-16,0.4270000000000001,0.867,7,-9.077,1,0.128,0.00535,0.000846,0.0785,0.56,170.25599999999997,320627,4.0
3DdOsUq1M9mJBFVR0xbSOx,Without a Face,Rage Against The Machine,['Rage Against The Machine'],['2d0hyoQ5ynDBnkvAbJKORj'],Evil Empire,Evil Empire,Evil Empire,8,1,True,1996,1996-04-16,0.425,0.8079999999999999,9,-8.376,0,0.221,0.00534,0.179,0.175,0.369,92.257,216907,4.0
0g192CYDNtw2jp4h9FtYAy,Wind Below,Rage Against The Machine,['Rage Against The Machine'],['2d0hyoQ5ynDBnkvAbJKORj'],Evil Empire,Evil Empire,Evil Empire,9,1,True,1996,1996-04-16,0.387,0.7440000000000001,9,-9.64,1,0.0743,0.00257,0.196,0.467,0.4429999999999999,138.516,350427,4.0
5tYosD9TicWDYO3kAE4ADp,Roll Right,Rage Against The Machine,['Rage Against The Machine'],['2d0hyoQ5ynDBnkvAbJKORj'],Evil Empire,Evil Empire,Evil Empire,10,1,True,1996,1996-04-16,0.527,0.789,9,-8.049,1,0.0694,0.0139999999999999,0.0133,0.381,0.452,86.137,260267,4.0
69oLqnnqggg6v7JMw9VIbf,Year of tha Boomerang,Rage Against The Machine,['Rage Against The Machine'],['2d0hyoQ5ynDBnkvAbJKORj'],Evil Empire,Evil Empire,Evil Empire,11,1,True,1996,1996-04-16,0.354,0.711,4,-10.134,0,0.149,0.000499,0.000423,0.245,0.518,84.26799999999999,239640,4.0
7lmeHLHBe4nmXzuXc0HDjk,Testify,Rage Against The Machine,['Rage Against The Machine'],['2d0hyoQ5ynDBnkvAbJKORj'],The Battle Of Los Angeles,The Battle Of Los Angeles,The Battle of Los Angeles,1,1,False,1999,1999-11-02,0.47,0.978,7,-5.399,1,0.0727,0.0261,1.09e-05,0.356,0.503,117.906,210133,4.0
1wsRitfRRtWyEapl0q22o8,Guerrilla Radio,Rage Against The Machine,['Rage Against The Machine'],['2d0hyoQ5ynDBnkvAbJKORj'],The Battle Of Los Angeles,The Battle Of Los Angeles,The Battle of Los Angeles,2,1,True,1999,1999-11-02,0.599,0.957,11,-5.763999999999999,1,0.188,0.0129,7.06e-05,0.155,0.489,103.68,206200,4.0
1hR0fIFK2qRG3f3RF70pb7,Calm Like a Bomb,Rage Against The Machine,['Rage Against The Machine'],['2d0hyoQ5ynDBnkvAbJKORj'],The Battle Of Los Angeles,The Battle Of Los Angeles,The Battle of Los Angeles,3,1,False,1999,1999-11-02,0.315,0.97,7,-5.4239999999999995,1,0.483,0.0234,2.03e-06,0.122,0.37,149.749,298893,4.0
2lbASgTSoDO7MTuLAXlTW0,Mic Check,Rage Against The Machine,['Rage Against The Machine'],['2d0hyoQ5ynDBnkvAbJKORj'],The Battle Of Los Angeles,The Battle Of Los Angeles,The Battle of Los Angeles,4,1,True,1999,1999-11-02,0.44,0.967,11,-5.83,0,0.237,0.163,3.64e-06,0.121,0.574,96.752,213640,4.0
1MQTmpYOZ6fcMQc56Hdo7T,Sleep Now In the Fire,Rage Against The Machine,['Rage Against The Machine'],['2d0hyoQ5ynDBnkvAbJKORj'],The Battle Of Los Angeles,The Battle Of Los Angeles,The Battle of Los Angeles,5,1,False,1999,1999-11-02,0.426,0.929,2,-6.729,1,0.0701,0.00162,0.105,0.0789,0.539,127.059,205600,4.0
2LXPNLSMAauNJfnC58lSqY,Born of a Broken Man,Rage Against The Machine,['Rage Against The Machine'],['2d0hyoQ5ynDBnkvAbJKORj'],The Battle Of Los Angeles,The Battle Of Los Angeles,The Battle of Los Angeles,6,1,False,1999,1999-11-02,0.298,0.848,2,-5.947,1,0.0727,0.0538,0.0015199999999999,0.201,0.1939999999999999,148.282,280960,4.0
3moeHk8eIajvUEzVocXukf,Born As Ghosts,Rage Against The Machine,['Rage Against The Machine'],['2d0hyoQ5ynDBnkvAbJKORj'],The Battle Of Los Angeles,The Battle Of Los Angeles,The Battle of Los Angeles,7,1,False,1999,1999-11-02,0.417,0.976,9,-6.032,1,0.175,0.0004269999999999,0.000134,0.107,0.483,90.395,202040,4.0
4llunZfVXv3NvUzXVB3VVL,Maria,Rage Against The Machine,['Rage Against The Machine'],['2d0hyoQ5ynDBnkvAbJKORj'],The Battle Of Los Angeles,The Battle Of Los Angeles,The Battle of Los Angeles,8,1,False,1999,1999-11-02,0.2769999999999999,0.873,11,-6.5710000000000015,0,0.0883,0.00694,5.400000000000001e-05,0.188,0.618,172.84799999999996,228093,4.0
21Mq0NzFoVRvOmLTOnJjng,Voice of the Voiceless,Rage Against The Machine,['Rage Against The Machine'],['2d0hyoQ5ynDBnkvAbJKORj'],The Battle Of Los Angeles,The Battle Of Los Angeles,The Battle of Los Angeles,9,1,False,1999,1999-11-02,0.441,0.882,7,-7.362999999999999,1,0.044,0.0195,0.00684,0.15,0.418,83.37100000000002,151573,4.0
6s2FgJbnnMwFTpWJZzvb6z,New Millennium Homes,Rage Against The Machine,['Rage Against The Machine'],['2d0hyoQ5ynDBnkvAbJKORj'],The Battle Of Los Angeles,The Battle Of Los Angeles,The Battle of Los Angeles,10,1,False,1999,1999-11-02,0.4479999999999999,0.861,9,-6.12,1,0.0676,0.00306,0.0,0.0987,0.7609999999999999,92.777,224933,4.0
7o2Razxnl33Jrgz4PpMYNa,Ashes In the Fall,Rage Against The Machine,['Rage Against The Machine'],['2d0hyoQ5ynDBnkvAbJKORj'],The Battle Of Los Angeles,The Battle Of Los Angeles,The Battle of Los Angeles,11,1,True,1999,1999-11-02,0.456,0.7040000000000001,7,-6.687,1,0.0982,0.0052,4.12e-06,0.0595,0.6559999999999999,140.629,277267,4.0
3Hxu3Ey1TV9mZ5XqMXckiS,War Within a Breath,Rage Against The Machine,['Rage Against The Machine'],['2d0hyoQ5ynDBnkvAbJKORj'],The Battle Of Los Angeles,The Battle Of Los Angeles,The Battle of Los Angeles,12,1,False,1999,1999-11-02,0.3989999999999999,0.965,6,-5.901,1,0.143,0.00442,0.0314,0.3670000000000001,0.174,98.464,216427,4.0
1gGcKk7W1priUoTwotuoqT,Microphone Fiend,Rage Against The Machine,['Rage Against The Machine'],['2d0hyoQ5ynDBnkvAbJKORj'],Renegades,Renegades,Renegades,1,1,False,2000,2000-12-05,0.481,0.879,11,-5.178,0,0.268,0.0073,1.7199999999999998e-05,0.127,0.5329999999999999,89.436,301533,4.0
0lsDJ0EkccufmSM43P28TQ,Pistol Grip Pump,Rage Against The Machine,['Rage Against The Machine'],['2d0hyoQ5ynDBnkvAbJKORj'],Renegades,Renegades,Renegades,2,1,True,2000,2000-12-05,0.6729999999999999,0.887,6,-3.873,0,0.255,0.0243,4.1e-06,0.0654,0.726,92.553,196733,4.0
2rqrgNkiWg072vbo81h02j,Kick out the Jams,Rage Against The Machine,['Rage Against The Machine'],['2d0hyoQ5ynDBnkvAbJKORj'],Renegades,Renegades,Renegades,3,1,False,2000,2000-12-05,0.44,0.937,2,-2.418,1,0.0623,0.0004219999999999,2.35e-05,0.799,0.498,116.42,190693,4.0
5YBVDvTSSSiqv7KZDeUlXA,Renegades Of Funk,Rage Against The Machine,['Rage Against The Machine'],['2d0hyoQ5ynDBnkvAbJKORj'],Renegades,Renegades,Renegades,4,1,False,2000,2000-12-05,0.6509999999999999,0.908,2,-4.019,1,0.0577,0.0018399999999999,0.000579,0.384,0.769,123.851,274160,4.0
6DTSCjeK32PYp1Sap27vvY,Beautiful World,Rage Against The Machine,['Rage Against The Machine'],['2d0hyoQ5ynDBnkvAbJKORj'],Renegades,Renegades,Renegades,5,1,False,2000,2000-12-05,0.556,0.2269999999999999,9,-17.461,0,0.0396,0.83,0.00504,0.114,0.0348,84.38799999999998,154573,4.0
4eDBENLsKIh5e4VvX7PXtf,I'm Housin',Rage Against The Machine,['Rage Against The Machine'],['2d0hyoQ5ynDBnkvAbJKORj'],Renegades,Renegades,Renegades,6,1,True,2000,2000-12-05,0.2769999999999999,0.836,9,-4.621,1,0.3670000000000001,0.0122,6.32e-05,0.471,0.472,77.62,296333,4.0
3CaGgDsUuBw69wSWtTA8gk,In My Eyes,Rage Against The Machine,['Rage Against The Machine'],['2d0hyoQ5ynDBnkvAbJKORj'],Renegades,Renegades,Renegades,7,1,True,2000,2000-12-05,0.349,0.93,0,-3.575,1,0.114,0.00413,0.0517,0.506,0.466,113.05,174333,3.0
4K1DB7EedHPuVnhVrnvf2U,How I Could Just Kill a Man,Rage Against The Machine,['Rage Against The Machine'],['2d0hyoQ5ynDBnkvAbJKORj'],Renegades,Renegades,Renegades,8,1,True,2000,2000-12-05,0.598,0.939,7,-3.663,1,0.105,0.00114,9.26e-06,0.288,0.63,95.884,244693,4.0
3CCf4QWbFngXoIO1cLTj1L,The Ghost of Tom Joad,Rage Against The Machine,['Rage Against The Machine'],['2d0hyoQ5ynDBnkvAbJKORj'],Renegades,Renegades,Renegades,9,1,False,2000,2000-12-05,0.313,0.915,7,-4.86,1,0.345,0.016,5.11e-05,0.206,0.206,137.849,338333,4.0
1VdPpC0YxGo5uvOhbsWA8Z,Down On The Street,Rage Against The Machine,['Rage Against The Machine'],['2d0hyoQ5ynDBnkvAbJKORj'],Renegades,Renegades,Renegades,10,1,False,2000,2000-12-05,0.557,0.954,9,-3.159,1,0.0781,0.00241,0.421,0.113,0.531,131.634,218667,4.0
5JEZevevEmF725NxEBhfBT,Street Fighting Man,Rage Against The Machine,['Rage Against The Machine'],['2d0hyoQ5ynDBnkvAbJKORj'],Renegades,Renegades,Renegades,11,1,False,2000,2000-12-05,0.424,0.997,7,-1.501,1,0.131,0.000249,0.0139999999999999,0.326,0.123,131.424,281693,4.0
2t0tVmiSkHWvKgojpjO21Z,Maggie's Farm,Rage Against The Machine,['Rage Against The Machine'],['2d0hyoQ5ynDBnkvAbJKORj'],Renegades,Renegades,Renegades,12,1,False,2000,2000-12-05,0.412,0.838,9,-1.93,1,0.0427,0.0023,0.00344,0.152,0.483,86.604,394400,4.0
0aGQHMr7bc23Y9Ts84ffop,Around the World,Red Hot Chili Peppers,['Red Hot Chili Peppers'],['0L8ExT028jH3ddEcZwqJJ5'],Californication (Deluxe Edition),Californication,Californication,1,1,False,1999,1999-06-08,0.504,0.96,0,-1.464,1,0.183,0.00417,0.569,0.0613,0.774,96.682,238733,4.0
1Se0r96r0gnqg67kJPmESc,Parallel Universe,Red Hot Chili Peppers,['Red Hot Chili Peppers'],['0L8ExT028jH3ddEcZwqJJ5'],Californication (Deluxe Edition),Californication,Californication,2,1,False,1999,1999-06-08,0.3429999999999999,0.983,0,-2.359,0,0.212,0.00107,0.296,0.0708,0.186,124.536,269360,4.0
1G391cbiT3v3Cywg8T7DM1,Scar Tissue,Red Hot Chili Peppers,['Red Hot Chili Peppers'],['0L8ExT028jH3ddEcZwqJJ5'],Californication (Deluxe Edition),Californication,Californication,3,1,False,1999,1999-06-08,0.595,0.7170000000000001,0,-4.803,1,0.0295,0.0779,0.00274,0.108,0.547,88.969,215907,4.0
64BbK9SFKH2jk86U3dGj2P,Otherside,Red Hot Chili Peppers,['Red Hot Chili Peppers'],['0L8ExT028jH3ddEcZwqJJ5'],Californication (Deluxe Edition),Californication,Californication,4,1,False,1999,1999-06-08,0.4579999999999999,0.795,0,-3.265,1,0.0574,0.00316,0.000202,0.0756,0.513,123.229,255373,4.0
0GcWf1Cc4ixN35D3O9VdcP,Get on Top,Red Hot Chili Peppers,['Red Hot Chili Peppers'],['0L8ExT028jH3ddEcZwqJJ5'],Californication (Deluxe Edition),Californication,Californication,5,1,True,1999,1999-06-08,0.573,0.994,4,-0.407,0,0.342,0.0281,0.00543,0.3670000000000001,0.416,114.563,198067,4.0
48UPSzbZjgc449aqz8bxox,Californication,Red Hot Chili Peppers,['Red Hot Chili Peppers'],['0L8ExT028jH3ddEcZwqJJ5'],Californication (Deluxe Edition),Californication,Californication,6,1,False,1999,1999-06-08,0.5920000000000001,0.767,9,-2.7880000000000003,0,0.027,0.0021,0.00165,0.127,0.3279999999999999,96.483,329733,4.0
3QJnjJH53Ocg22MaLutrgJ,Easily,Red Hot Chili Peppers,['Red Hot Chili Peppers'],['0L8ExT028jH3ddEcZwqJJ5'],Californication (Deluxe Edition),Californication,Californication,7,1,False,1999,1999-06-08,0.283,0.982,0,-0.32,1,0.0703,0.000204,0.0756,0.0627,0.4379999999999999,124.149,231333,4.0
6WUjz18yIeTGDR1E69WHtf,Porcelain,Red Hot Chili Peppers,['Red Hot Chili Peppers'],['0L8ExT028jH3ddEcZwqJJ5'],Californication (Deluxe Edition),Californication,Californication,8,1,False,1999,1999-06-08,0.371,0.259,7,-11.352,1,0.0312,0.4429999999999999,0.0038399999999999,0.0752,0.0467,140.425,163707,3.0
2xDHUsWEsH33sKbFqDZPFj,Emit Remmus,Red Hot Chili Peppers,['Red Hot Chili Peppers'],['0L8ExT028jH3ddEcZwqJJ5'],Californication (Deluxe Edition),Californication,Californication,9,1,False,1999,1999-06-08,0.354,0.964,5,-1.822,0,0.0973,5.08e-05,0.203,0.326,0.526,113.079,240200,4.0
2bo1tTjK87OHKKUDFthqHx,I Like Dirt,Red Hot Chili Peppers,['Red Hot Chili Peppers'],['0L8ExT028jH3ddEcZwqJJ5'],Californication (Deluxe Edition),Californication,Californication,10,1,False,1999,1999-06-08,0.7120000000000001,0.969,4,-1.503,0,0.161,0.0113,0.0319,0.0904,0.802,105.077,157627,4.0
49colNVoLFcMszng9O8w4h,This Velvet Glove,Red Hot Chili Peppers,['Red Hot Chili Peppers'],['0L8ExT028jH3ddEcZwqJJ5'],Californication (Deluxe Edition),Californication,Californication,11,1,False,1999,1999-06-08,0.607,0.953,2,-1.744,0,0.0471,0.0706,2.94e-05,0.213,0.315,118.885,225200,4.0
0O8RjwNco465s5o9Ix9IYj,Savior,Red Hot Chili Peppers,['Red Hot Chili Peppers'],['0L8ExT028jH3ddEcZwqJJ5'],Californication (Deluxe Edition),Californication,Californication,12,1,False,1999,1999-06-08,0.241,0.8240000000000001,0,-2.785,1,0.0479,0.00124,5.83e-06,0.0955,0.2,83.663,292400,4.0
0tGkxA0oybkQ3iR6LLXPjZ,Purple Stain,Red Hot Chili Peppers,['Red Hot Chili Peppers'],['0L8ExT028jH3ddEcZwqJJ5'],Californication (Deluxe Edition),Californication,Californication,13,1,False,1999,1999-06-08,0.5539999999999999,0.875,9,-1.372,1,0.104,0.0157,0.00422,0.0852,0.821,100.988,253373,4.0
66wnTJJ7Vo0GW02CMP3etR,Right on Time,Red Hot Chili Peppers,['Red Hot Chili Peppers'],['0L8ExT028jH3ddEcZwqJJ5'],Californication (Deluxe Edition),Californication,Californication,14,1,False,1999,1999-06-08,0.442,0.995,1,-1.6740000000000002,0,0.126,0.0108,0.0,0.33,0.639,127.02,112533,4.0
1XxCiPw07rd1ytYnE7SoJI,Road Trippin',Red Hot Chili Peppers,['Red Hot Chili Peppers'],['0L8ExT028jH3ddEcZwqJJ5'],Californication (Deluxe Edition),Californication,Californication,15,1,False,1999,1999-06-08,0.243,0.47,4,-8.193999999999999,0,0.0353,0.309,0.000798,0.121,0.3929999999999999,204.026,204973,4.0
3BW34zpQNgRUwuQ4eUyzMN,Fat Dance - 2006 Remaster,Red Hot Chili Peppers,['Red Hot Chili Peppers'],['0L8ExT028jH3ddEcZwqJJ5'],Californication (Deluxe Edition),Californication,Californication,16,1,False,1999,1999-06-08,0.662,0.954,4,-3.84,0,0.0611,0.0503,0.617,0.0771,0.767,101.18,220499,4.0
0809RpHic1xrZzh9CT4wXo,Over Funk - 2006 Remaster,Red Hot Chili Peppers,['Red Hot Chili Peppers'],['0L8ExT028jH3ddEcZwqJJ5'],Californication (Deluxe Edition),Californication,Californication,17,1,False,1999,1999-06-08,0.628,0.918,6,-3.431,0,0.0326,0.00719,0.452,0.0353,0.735,99.057,178360,4.0
28w7CPWQCqQxt0YCzDN75b,Quixoticelixer - 2006 Remaster,Red Hot Chili Peppers,['Red Hot Chili Peppers'],['0L8ExT028jH3ddEcZwqJJ5'],Californication (Deluxe Edition),Californication,Californication,18,1,False,1999,1999-06-08,0.535,0.831,6,-4.869,0,0.069,0.016,0.000312,0.0676,0.8340000000000001,110.731,288227,4.0
3bIQIx7hveYPQDdhjZ1kcq,The Getaway,Red Hot Chili Peppers,['Red Hot Chili Peppers'],['0L8ExT028jH3ddEcZwqJJ5'],The Getaway,The Getaway,The Getaway,1,1,False,2016,2016-06-17,0.797,0.642,0,-8.082,1,0.0725,0.0799,1.19e-05,0.371,0.667,113.999,250387,4.0
2oaK4JLVnmRGIO9ytBE1bt,Dark Necessities,Red Hot Chili Peppers,['Red Hot Chili Peppers'],['0L8ExT028jH3ddEcZwqJJ5'],The Getaway,The Getaway,The Getaway,2,1,False,2016,2016-06-17,0.7,0.742,5,-6.777,0,0.0716,0.0722,0.0199,0.11,0.1969999999999999,91.959,302000,4.0
0cv2LgkvEoQiGgFWcZaAMA,We Turn Red,Red Hot Chili Peppers,['Red Hot Chili Peppers'],['0L8ExT028jH3ddEcZwqJJ5'],The Getaway,The Getaway,The Getaway,3,1,False,2016,2016-06-17,0.61,0.872,2,-5.428,0,0.0422,0.1159999999999999,0.147,0.152,0.8420000000000001,164.03799999999995,200467,4.0
0pjCkLjbgSLn5c0Ilwuv8z,The Longest Wave,Red Hot Chili Peppers,['Red Hot Chili Peppers'],['0L8ExT028jH3ddEcZwqJJ5'],The Getaway,The Getaway,The Getaway,4,1,False,2016,2016-06-17,0.476,0.511,8,-6.25,1,0.0324,0.319,0.000129,0.119,0.3389999999999999,148.158,211520,4.0
2XTkpF9T2PKvcLgamGJGx1,Goodbye Angels,Red Hot Chili Peppers,['Red Hot Chili Peppers'],['0L8ExT028jH3ddEcZwqJJ5'],The Getaway,The Getaway,The Getaway,5,1,False,2016,2016-06-17,0.365,0.804,9,-5.9220000000000015,0,0.105,0.104,6.579999999999999e-05,0.15,0.5770000000000001,171.597,268733,4.0
6GsP3uMCd0Dn5T37C93waZ,Sick Love,Red Hot Chili Peppers,['Red Hot Chili Peppers'],['0L8ExT028jH3ddEcZwqJJ5'],The Getaway,The Getaway,The Getaway,6,1,False,2016,2016-06-17,0.591,0.794,4,-5.935,0,0.069,0.183,0.0,0.292,0.875,147.974,221440,4.0
5m578MgxuEC956dulprCe8,Go Robot,Red Hot Chili Peppers,['Red Hot Chili Peppers'],['0L8ExT028jH3ddEcZwqJJ5'],The Getaway,The Getaway,The Getaway,7,1,False,2016,2016-06-17,0.852,0.6509999999999999,8,-6.254,1,0.0411,0.0432,0.0192,0.158,0.96,131.01,263800,4.0
0SMzXgUFqcAt0WNCsGm3tM,Feasting on the Flowers,Red Hot Chili Peppers,['Red Hot Chili Peppers'],['0L8ExT028jH3ddEcZwqJJ5'],The Getaway,The Getaway,The Getaway,8,1,False,2016,2016-06-17,0.67,0.75,6,-5.5020000000000024,0,0.0583,0.1369999999999999,3.53e-06,0.1969999999999999,0.88,82.041,202933,4.0
5y7IfSDhBHFVnlGj1UrlA1,Detroit,Red Hot Chili Peppers,['Red Hot Chili Peppers'],['0L8ExT028jH3ddEcZwqJJ5'],The Getaway,The Getaway,The Getaway,9,1,False,2016,2016-06-17,0.439,0.885,4,-4.678999999999999,1,0.0625,0.000277,0.00367,0.3720000000000001,0.495,92.738,226640,4.0
3iXNy7VaY9OqJFBwzhmbOh,This Ticonderoga,Red Hot Chili Peppers,['Red Hot Chili Peppers'],['0L8ExT028jH3ddEcZwqJJ5'],The Getaway,The Getaway,The Getaway,10,1,False,2016,2016-06-17,0.238,0.949,8,-4.575,1,0.247,0.016,0.0,0.0864,0.405,87.84299999999998,215200,4.0
4VGvosVIeFMCUwHibq7a9Z,Encore,Red Hot Chili Peppers,['Red Hot Chili Peppers'],['0L8ExT028jH3ddEcZwqJJ5'],The Getaway,The Getaway,The Getaway,11,1,False,2016,2016-06-17,0.633,0.7040000000000001,11,-7.697,1,0.0276,0.672,0.179,0.105,0.342,104.958,254867,4.0
1ZPMK5UTafelYEQXmckRgN,The Hunter,Red Hot Chili Peppers,['Red Hot Chili Peppers'],['0L8ExT028jH3ddEcZwqJJ5'],The Getaway,The Getaway,The Getaway,12,1,False,2016,2016-06-17,0.256,0.523,8,-5.175,1,0.0294,0.5379999999999999,0.00832,0.0849,0.318,78.385,240360,4.0
3Fb962k5BJZy1cmCLuKZJq,Dreams of a Samurai,Red Hot Chili Peppers,['Red Hot Chili Peppers'],['0L8ExT028jH3ddEcZwqJJ5'],The Getaway,The Getaway,The Getaway,13,1,False,2016,2016-06-17,0.387,0.674,0,-6.6229999999999976,1,0.0597,0.0122,0.0129,0.102,0.2769999999999999,139.751,369040,5.0
6Ps04Nfh2PySU4fIPZWxrU,A Rush and a Push and the Land Is Ours - 2011 Remaster,The Smiths,['The Smiths'],['3yY2gUcIsjMr8hjo51PoJ8'],"Strangeways, Here We Come","Strangeways, Here We Come","Strangeways, Here We Come",1,1,False,1987,1987-09-28,0.67,0.64,10,-9.024,1,0.0268,0.114,5.45e-06,0.259,0.633,110.14,183013,4.0
3PVVqlxFpXmU46iqAVG4Jg,I Started Something I Couldn't Finish - 2011 Remaster,The Smiths,['The Smiths'],['3yY2gUcIsjMr8hjo51PoJ8'],"Strangeways, Here We Come","Strangeways, Here We Come","Strangeways, Here We Come",2,1,False,1987,1987-09-28,0.581,0.851,6,-5.723,0,0.0336,0.1119999999999999,0.00539,0.0375,0.703,135.155,227533,4.0
1Nov3Bi6sKCDnnuhjPJTCY,Death of a Disco Dancer - 2011 Remaster,The Smiths,['The Smiths'],['3yY2gUcIsjMr8hjo51PoJ8'],"Strangeways, Here We Come","Strangeways, Here We Come","Strangeways, Here We Come",3,1,False,1987,1987-09-28,0.26,0.8640000000000001,9,-7.599,1,0.0541,0.0134,0.204,0.0924,0.56,171.035,326253,4.0
01q4ccXbvPlCwZ1fPiFaeM,Girlfriend in a Coma - 2011 Remaster,The Smiths,['The Smiths'],['3yY2gUcIsjMr8hjo51PoJ8'],"Strangeways, Here We Come","Strangeways, Here We Come","Strangeways, Here We Come",4,1,False,1987,1987-09-28,0.68,0.626,7,-8.519,1,0.0255,0.126,1.3e-06,0.0995,0.96,104.333,122760,4.0
2JN57QFclho4vExKPq6OYg,Stop Me If You Think You've Heard This One Before - 2011 Remaster,The Smiths,['The Smiths'],['3yY2gUcIsjMr8hjo51PoJ8'],"Strangeways, Here We Come","Strangeways, Here We Come","Strangeways, Here We Come",5,1,False,1987,1987-09-28,0.569,0.856,0,-6.6679999999999975,0,0.0281,0.0048,7.33e-06,0.0873,0.66,134.181,215573,4.0
17zN523CEjJWBGXrUb3xex,Last Night I Dreamt That Somebody Loved Me - 2011 Remaster,The Smiths,['The Smiths'],['3yY2gUcIsjMr8hjo51PoJ8'],"Strangeways, Here We Come","Strangeways, Here We Come","Strangeways, Here We Come",6,1,False,1987,1987-09-28,0.132,0.435,2,-9.381,0,0.0291,0.0249,0.00598,0.111,0.0679,201.493,305600,3.0
0LQBVQgU1NKDMigWel9fyv,Unhappy Birthday - 2011 Remaster,The Smiths,['The Smiths'],['3yY2gUcIsjMr8hjo51PoJ8'],"Strangeways, Here We Come","Strangeways, Here We Come","Strangeways, Here We Come",7,1,False,1987,1987-09-28,0.61,0.5770000000000001,0,-9.517,1,0.0295,0.625,0.0,0.0604,0.431,137.086,165187,3.0
54RgmPfPMd9NsPqCSJNMex,Paint a Vulgar Picture - 2011 Remaster,The Smiths,['The Smiths'],['3yY2gUcIsjMr8hjo51PoJ8'],"Strangeways, Here We Come","Strangeways, Here We Come","Strangeways, Here We Come",8,1,False,1987,1987-09-28,0.5589999999999999,0.679,9,-6.796,1,0.0238,0.00732,7.07e-06,0.0755,0.65,96.204,336093,4.0
6p3bhE5jahFtOk9QVNFnNY,Death at One's Elbow - 2011 Remaster,The Smiths,['The Smiths'],['3yY2gUcIsjMr8hjo51PoJ8'],"Strangeways, Here We Come","Strangeways, Here We Come","Strangeways, Here We Come",9,1,False,1987,1987-09-28,0.631,0.965,2,-6.327000000000001,1,0.0627,0.0718,3.74e-06,0.356,0.625,124.171,120027,4.0
3kLE2Jsxeb3W2bhx82bPlb,I Won't Share You - 2011 Remaster,The Smiths,['The Smiths'],['3yY2gUcIsjMr8hjo51PoJ8'],"Strangeways, Here We Come","Strangeways, Here We Come","Strangeways, Here We Come",10,1,False,1987,1987-09-28,0.515,0.3779999999999999,7,-11.032,1,0.0277,0.22,0.0,0.0404,0.436,92.228,173560,4.0
